execution_event_id,event_date,admin1,admin2,operator,mechanism,queue_id_or_set,event_action,effective_time_local,effective_time_utc,reported_at_local,reported_at_utc,time_lower_local,time_upper_local,time_lower_utc,time_upper_utc,time_precision,time_semantics,state_after_action,affected_scope_detail,related_schedule_record_id,key_event_id,confidence,publication_eligible,impact_note,source_authority,source_url,source_note,explanation_zh,episode_id,episode_seq,mechanism_norm,action_norm,state_before_norm,state_after_norm,event_confidence,time_confidence,scope_confidence,source_origin,source_channel,source_grade,evidence_rank,schema_version
XE20240828_SUMY_GAV_ACTIVATE,2024-08-28,Sumy Oblast,,Sumyoblenergo,GAV,1|2,activate,2024-08-28 08:49:00+03:00,2024-08-28 05:49:00+00:00,,,,,,,exact_effective,Sumyoblenergo explicitly states GAV queues 1 and 2 introduced from 08:49.,GAV q1/q2 active in parallel with planned restrictions,Sumy Oblast,R20240828_NAT_001,KE20240826_MAJOR_ATTACK,high,1,True emergency override inside the broader post-attack recovery day.,official_dso,https://t.me/s/SumyEnergo?before=1256,,True emergency override inside the broader post-attack recovery day.【置信度：high】,EP20240828_SUMY_OBLAST_01,1,GAV,activate,unknown,GAV,high,exact_public,oblast,DSO,direct,primary,5,v3.0
XE20240828_SUMY_GAV_CANCEL,2024-08-28,Sumy Oblast,,Sumyoblenergo,GAV,1|2,cancel_all,2024-08-28 11:00:00+03:00,2024-08-28 08:00:00+00:00,,,,,,,exact_effective,Sumyoblenergo explicitly states cancellation of GAV queues 1 and 2 from 11:00.,GAV off; revised GPV 3 queues from 11:00,Sumy Oblast,R20240828_NAT_001,KE20240826_MAJOR_ATTACK,high,1,,official_dso,https://t.me/s/SumyEnergo?before=1256,,Sumy Oblast / Sumyoblenergo；GAV cancel_all；状态=GAV off; revised GPV 3 queues from 11:00。【置信度：high】,EP20240828_SUMY_OBLAST_01,2,GAV,cancel,GAV,GPV,high,exact_public,oblast,DSO,direct,primary,5,v3.0
XE20240830_SUMY_GAV_ACTIVATE,2024-08-30,Sumy Oblast,,Sumyoblenergo,GAV,1|2,activate,2024-08-30 09:49:00+03:00,2024-08-30 06:49:00+00:00,,,,,,,exact_effective,DSO states GAV introduced at 09:49 for queues 1 and 2.,GAV q1/q2 active; GPV also active,Sumy Oblast,R20240830_SUMYOBLA_001,KE20240830_MULTI_REGION_EMERGENCY,high,1,Emergency and hourly schedules overlapped; model mechanisms separately.,dso_statement_via_dated_local_media,https://debaty.sumy.ua/news/na-sumshhini-vvedeni-avarijni-vidklyuchennya-elektriki,,Emergency and hourly schedules overlapped; model mechanisms separately.【置信度：high】,EP20240830_SUMY_OBLAST_01,1,GAV,activate,unknown,GPV+GAV,high,exact_public,oblast,DSO,media_relay,near_primary,4,v3.0
XE20240927_SUMY_SGAV_ACTIVATE,2024-09-27,Sumy Oblast,,Sumyoblenergo,SGAV,FULL,activate,2024-09-27 09:25:00+03:00,2024-09-27 06:25:00+00:00,,,,,,,exact_effective,DSO explicitly states full SGAV introduced at 09:25.,SGAV full in Shostka|Romny|Konotop districts,Shostka|Romny|Konotop districts,R20240927_AUD_001,KE20240927_SUMY_SHORT_EMERGENCY,high,1,,dso_statement_via_dated_local_media,https://debaty.sumy.ua/news/na-sumshhini-avarijni-vidklyuchennya-elektroenergiyi,,Sumy Oblast / Sumyoblenergo；SGAV activate；状态=SGAV full in Shostka|Romny|Konotop districts。【置信度：high】,EP20240927_SUMY_OBLAST_01,1,GAV+SGAV,activate,unknown,GAV+SGAV,high,exact_public,specific_or_partial,DSO,media_relay,near_primary,4,v3.0
XE20240927_SUMY_GAV_ALL,2024-09-27,Sumy Oblast,,Sumyoblenergo,GAV,1-10,activate,,,2024-09-27 09:46:00+03:00,2024-09-27 06:46:00+00:00,,,,,reported_at,Contemporaneous reporting says all 10 GAV queues were in force by 09:46; exact common activation second is not claimed.,all 10 GAV queues active,Sumy Oblast,R20240927_AUD_001,KE20240927_SUMY_SHORT_EMERGENCY,high,1,Do not treat 09:46 as the command's exact effective time.,dso_statement_via_dated_media,https://24tv.ua/odniy-oblastey-vveli-avariyni-vidklyuchennya-svitla_n2650523,,Do not treat 09:46 as the command's exact effective time.【置信度：high】,EP20240927_SUMY_OBLAST_01,2,GAV,activate,GAV+SGAV,GAV,high,reported_state,oblast,DSO,media_relay,near_primary,4,v3.0
XE20240927_SUMY_CANCEL_ALL,2024-09-27,Sumy Oblast,,Sumyoblenergo,GAV+SGAV,,cancel_all,2024-09-27 09:57:00+03:00,2024-09-27 06:57:00+00:00,,,,,,,exact_effective,DSO explicitly states Ukrenergo instruction cancelled GAV and SGAV at 09:57.,GAV/SGAV off,Sumy Oblast,R20240927_AUD_001,KE20240927_SUMY_SHORT_EMERGENCY,high,1,,dso_statement_via_dated_local_media,https://debaty.sumy.ua/news/na-sumshhini-avarijni-vidklyuchennya-elektroenergiyi,,Sumy Oblast / Sumyoblenergo；GAV+SGAV cancel_all；状态=GAV/SGAV off。【置信度：high】,EP20240927_SUMY_OBLAST_01,3,GAV+SGAV,cancel,GAV,normal_or_planned,high,exact_public,oblast,DSO,media_relay,near_primary,4,v3.0
XE20241004_SUMY_GAV_ACTIVATE,2024-10-04,Sumy Oblast,,Sumyoblenergo,GAV,,activate,2024-10-04 10:25:00+03:00,2024-10-04 07:25:00+00:00,,,,,,,exact_effective,Ukrenergo/DSO reporting gives a 10:25 introduction time.,GAV active,Sumy Oblast,R20241004_AUD_001,KE20241004_SUMY_POLTAVA_GAV,high,1,,ukrenergo_dso_statement_via_dated_media,https://fakty.com.ua/ua/ukraine/20241004-avarijni-vidklyuchennya-u-sumskij-i-poltavskij-oblastyah-vymusheno-vymknuly-svitlo/,,Sumy Oblast / Sumyoblenergo；GAV activate；状态=GAV active。【置信度：high】,EP20241004_SUMY_OBLAST_01,1,GAV,activate,unknown,GAV,high,exact_public,oblast,TSO,media_relay,near_primary,4,v3.0
XE20241004_SUMY_GAV_CANCEL,2024-10-04,Sumy Oblast,,Sumyoblenergo,GAV,,cancel_all,2024-10-04 19:00:00+03:00,2024-10-04 16:00:00+00:00,,,,,,,exact_effective,Suspilne Sumy online update attributes 19:00 cancellation to Sumyoblenergo.,GAV off,Sumy Oblast,R20241004_AUD_001,KE20241004_SUMY_POLTAVA_GAV,high,1,,official_dso_statement_via_public_broadcaster,https://suspilne.media/sumy/847637-obstrili-civilnoi-infrastrukturi-zagibli-ta-poraneni-ludi-so-vidbuvaetsa-na-sumsini-onlajn/,,Sumy Oblast / Sumyoblenergo；GAV cancel_all；状态=GAV off。【置信度：high】,EP20241004_SUMY_OBLAST_01,2,GAV,cancel,GAV,normal_or_planned,high,exact_public,oblast,DSO,public_media_relay,near_primary,4,v3.0
XE20241019_SUMY_GAV_1_5,2024-10-19,Sumy Oblast,,Sumyoblenergo,GAV,1-5,activate,2024-10-19 08:57:00+03:00,2024-10-19 05:57:00+00:00,,,,,,,exact_effective,DSO states GAV queues 1–5 introduced at 08:57.,q1-5 off,Shostka|Konotop|part of Sumy district,,KE20241019_SHOSTKA_ATTACK,high,1,,dso_statement_via_dated_local_media,https://debaty.sumy.ua/news/na-sumshhini-vveli-grafiki-avarijnih-vidklyuchen-elektroenergiyi-2,,Sumy Oblast / Sumyoblenergo；GAV activate；状态=q1-5 off。【置信度：high】,EP20241019_SUMY_OBLAST_01,1,GAV,activate,unknown,GAV,high,exact_public,specific_or_partial,DSO,media_relay,near_primary,4,v3.0
XE20241019_SUMY_GAV_ROTATE,2024-10-19,Sumy Oblast,,Sumyoblenergo,GAV,1-5 -> 6-10,rotate,2024-10-19 10:57:00+03:00,2024-10-19 07:57:00+00:00,,,,,,,exact_effective,DSO says q1–5 were re-energized and q6–10 applied from 10:57.,q6-10 off; q1-5 restored,Shostka|Konotop|part of Sumy district,,KE20241019_SHOSTKA_ATTACK,high,1,End of emergency dispatch was not recovered; interval deliberately remains open.,dso_statement_via_dated_local_media,https://debaty.sumy.ua/news/na-sumshhini-trivayut-avarijni-vidklyuchennya,,End of emergency dispatch was not recovered; interval deliberately remains open.【置信度：high】,EP20241019_SUMY_OBLAST_01,2,GAV,rotate,GAV,GAV,high,exact_public,specific_or_partial,DSO,media_relay,near_primary,4,v3.0
XE20241020_ROMNY_RESTORE_ALL,2024-10-20,Sumy Oblast,,Sumyoblenergo / Romny district authority,physical_grid_outage,,restore_all,,,2024-10-20 17:59:00+03:00,2024-10-20 14:59:00+00:00,,,,,reported_at,17:59 is the public report time confirming that all consumers in Romny district had been restored.,all Romny district consumers restored,Romny district,,KE20241020_ROMNY_ATTACK,high,1,Do not interpret 17:59 as the exact last switching instant.,district_authority_via_dated_local_media,https://debaty.sumy.ua/news/u-romenskomu-rajoni-vidnovili-elektropostachannya,,Do not interpret 17:59 as the exact last switching instant.【置信度：high】,EP20241020_SUMY_OBLAST_01,1,physical_outage,restore_full,unknown,normal_or_planned,high,reported_state,specific_or_partial,government,media_relay,near_primary,4,v3.0
XE20241022_SUMY_GAV_ACTIVATE,2024-10-22,Sumy Oblast,,Sumyoblenergo,GAV,1|2,activate,2024-10-22 18:57:00+03:00,2024-10-22 15:57:00+00:00,,,,,,,exact_effective,DSO states queues 1 and 2 were disconnected at 18:57.,GAV q1/q2 active,Konotop|Putyvl|Buryn|Bilopillia,,KE20241022_SUMY_ATTACK,high,1,No exact cancellation record recovered; leave end unknown.,dso_statement_via_dated_local_media,https://debaty.sumy.ua/news/na-teritoriyi-sumshhini-vvedeni-grafiki-avarijnih-vidklyuchen,,No exact cancellation record recovered; leave end unknown.【置信度：high】,EP20241022_SUMY_OBLAST_02,1,GAV,activate,unknown,GAV,high,exact_public,specific_or_partial,DSO,media_relay,near_primary,4,v3.0
XE20241028_SUMY_GAV_ACTIVATE,2024-10-28,Sumy Oblast,,Sumyoblenergo,GAV,"Konotop q5 | Romny q1,q2",activate,2024-10-28 09:06:00+02:00,2024-10-28 07:06:00+00:00,,,,,,,exact_effective,DSO explicitly states these consumers disconnected at 09:06.,listed GAV queues active,Konotop REM|Romny REM,,KE20241028_SUMY_POLTAVA_ATTACK,high,1,,dso_statement_via_dated_local_media,https://debaty.sumy.ua/news/na-sumshhini-vvedeni-grafiki-avarijnih-vidklyuchen-6,,Sumy Oblast / Sumyoblenergo；GAV activate；状态=listed GAV queues active。【置信度：high】,EP20241028_SUMY_OBLAST_01,1,GAV,activate,unknown,GAV,high,exact_public,specific_or_partial,DSO,media_relay,near_primary,4,v3.0
XE20241028_SUMY_GAV_ROTATE,2024-10-28,Sumy Oblast,,Sumyoblenergo,GAV,"Konotop q5 -> q7,q9,q2; Romny q1,q2 -> q3,q4",rotate,,,2024-10-28 12:21:00+02:00,2024-10-28 10:21:00+00:00,,,,,reported_at,12:21 publication reports the revised queue state; exact command/effective minute is not claimed.,new queue set active,Konotop REM|Romny REM,,KE20241028_SUMY_POLTAVA_ATTACK,high,1,,dso_statement_via_dated_local_media,https://debaty.sumy.ua/news/na-sumshhini-zmini-po-vidklyuchennyam-svitla,,Sumy Oblast / Sumyoblenergo；GAV rotate；状态=new queue set active。【置信度：high】,EP20241028_SUMY_OBLAST_01,2,GAV,rotate,GAV,GAV,high,reported_state,specific_or_partial,DSO,media_relay,near_primary,4,v3.0
XE20241028_SUMY_GAV_CANCEL,2024-10-28,Sumy Oblast,,Sumyoblenergo,GAV,,cancel_all,,,2024-10-28 15:09:00+02:00,2024-10-28 13:09:00+00:00,,,,,cancelled_by,15:09 publication states GAV in Sumy Oblast were cancelled; cancellation occurred no later than this report.,GAV off,Sumy Oblast,,KE20241028_SUMY_POLTAVA_ATTACK,high,1,,dso_statement_via_dated_local_media,https://debaty.sumy.ua/news/na-sumshhini-skasovani-grafiki-avarijnih-vidklyuchen-3,,Sumy Oblast / Sumyoblenergo；GAV cancel_all；状态=GAV off。【置信度：high】,EP20241028_SUMY_OBLAST_01,3,GAV,cancel,GAV,normal_or_planned,high,upper_bound,oblast,DSO,media_relay,near_primary,4,v3.0
XE20240826_KH_GAV_REPORTED,2024-08-26,Kharkiv Oblast,,Kharkivoblenergo,GAV,,activate,,,2024-08-26 08:56:00+03:00,2024-08-26 05:56:00+00:00,,,,,reported_at,08:56 is when Kharkivoblenergo press service reported GAV use; source does not prove command became effective at that exact minute.,GAV active,Kharkiv Oblast,R20240826_NAT_001,KE20240826_MAJOR_ATTACK,high,1,,official_dso_statement_via_public_broadcaster,https://suspilne.media/kharkiv/821407-ak-vimikatimut-elektriku-v-harkovi-ta-oblasti-26-serpna-grafik-vidklucen-vid-oblenergo/,,Kharkiv Oblast / Kharkivoblenergo；GAV activate；状态=GAV active。【置信度：high】,EP20240826_KHARKIV_OBLAST_01,1,GAV,activate,unknown,GAV,high,reported_state,oblast,DSO,public_media_relay,near_primary,4,v3.0
XE20240826_KH_GAV_TO_GPV,2024-08-26,Kharkiv Oblast,,Kharkivoblenergo,GAV->GPV,,replace_gav_with_gpv,2024-08-26 12:15:00+03:00,2024-08-26 09:15:00+00:00,,,,,,,exact_state_time,Kharkivoblenergo reported at 12:15 that emergency outages were replaced by hourly schedules.,GAV off; GPV active for six consumer groups,Kharkiv Oblast,R20240826_NAT_001,KE20240826_MAJOR_ATTACK,high,1,,official_dso_statement_via_dated_media,https://2day.kh.ua/ua/kharkow/avariyni-vidklyuchennya-na-kharkivshchyni-skasuvaly-planovi-hrafiky-diyut,,Kharkiv Oblast / Kharkivoblenergo；GAV->GPV replace_gav_with_gpv；状态=GAV off; GPV active for six consumer groups。【置信度：high】,EP20240826_KHARKIV_OBLAST_01,2,GAV,replace,GAV,GPV,high,exact_public,oblast,DSO,media_relay,near_primary,4,v3.0
XE20241003_KH_GAV_ACTIVATE,2024-10-03,Kharkiv Oblast,,Ukrenergo / Kharkivoblenergo,GAV,,activate,2024-10-03 10:15:00+03:00,2024-10-03 07:15:00+00:00,,,,,,,exact_effective,Ukrenergo command introduced GAV in part of Kharkiv and Poltava at 10:15.,partial-oblast GAV active,part of Kharkiv Oblast,,KE20241003_MULTI_REGION_ATTACK_OUTAGES,high,1,,ukrenergo_statement_via_dated_media,https://2day.kh.ua/ua/kharkow/avariyni-znestrumlennya-dlya-kharkova-ta-oblasti-skasuvaly,,Kharkiv Oblast / Ukrenergo / Kharkivoblenergo；GAV activate；状态=partial-oblast GAV active。【置信度：high】,EP20241003_KHARKIV_OBLAST_01,1,GAV,activate,unknown,GAV,high,exact_public,oblast,TSO,media_relay,near_primary,4,v3.0
XE20241003_KH_GAV_CANCEL,2024-10-03,Kharkiv Oblast,,Ukrenergo / Kharkivoblenergo,GAV,,cancel_all,,,2024-10-03 11:35:00+03:00,2024-10-03 08:35:00+00:00,,,,,cancelled_by,A dated Kharkiv live report had already stated that emergency outages were cancelled by 11:35. This tightens the previous 11:57 upper bound; it is still not claimed as the exact switching instant.,GAV off,Kharkiv Oblast,,KE20241003_MULTI_REGION_ATTACK_OUTAGES,high,1,,kharkivoblenergo_statement_via_dated_local_media,https://www.objectiv.tv/uk/objectively/2024/10/03/avarijni-znestrumlennya-dlya-harkova-ta-oblasti-skasuvali/,Later 11:57 national reporting corroborates cancellation; 11:35 is used only as a 'cancelled_by' upper bound.,Kharkiv Oblast / Ukrenergo / Kharkivoblenergo；GAV cancel_all；状态=GAV off。【置信度：high】,EP20241003_KHARKIV_OBLAST_01,2,GAV,cancel,GAV,normal_or_planned,high,upper_bound,oblast,DSO,media_relay,near_primary,4,v3.0
XE20240827_DN_EMG_TO_STAB,2024-08-27,Dnipropetrovsk Oblast,,DTEK Dnipro Grids,emergency_outage->stabilization,,replace_emergency_with_stabilization,,,2024-08-27 22:10:00+03:00,2024-08-27 19:10:00+00:00,,,,,reported_at,DTEK update at 22:10 states emergency outages were cancelled and stabilization schedules resumed.,emergency off; stabilization schedules active,Dnipropetrovsk Oblast,R20240827_NAT_001,KE20240826_MAJOR_ATTACK,high,1,,official_dso_statement_via_dated_media,https://nv.ua/ukr/ukraine/events/v-kieve-dnepropetrovskoy-odesskoy-i-doneckoy-oblastyah-vveli-ekstrennye-otklyucheniya-50446204.html,,Dnipropetrovsk Oblast / DTEK Dnipro Grids；emergency_outage->stabilization replace_emergency_with_stabilization；状态=emergency off; stabilization schedules active。【置信度：high】,EP20240827_DNIPROPETROVSK_OBL_01,1,GPV,replace,unknown,GPV,high,reported_state,oblast,DSO,media_relay,near_primary,4,v3.0
XE20240903_DN_EMG_START,2024-09-03,Dnipropetrovsk Oblast,,DTEK Dnipro Grids,emergency_outage,,activate,,,2024-09-03 18:34:00+03:00,2024-09-03 15:34:00+00:00,,,,,reported_at,18:34 is the Suspilne timeline/report time quoting DTEK; not guaranteed to be the dispatch command second.,emergency active; hourly schedules temporarily inactive,Dnipropetrovsk Oblast,R20240903_NAT_001,KE20240903_MULTI_REGION_EMERGENCY,high,1,,official_dso_statement_via_public_broadcaster,https://suspilne.media/dnipro/827501-raketna-ataka-po-dnipru-obstrili-nikopolsini-golovni-novini-dnipra-ta-oblasti-3-veresna/,,Dnipropetrovsk Oblast / DTEK Dnipro Grids；emergency_outage activate；状态=emergency active; hourly schedules temporarily inactive。【置信度：high】,EP20240903_DNIPROPETROVSK_OBL_01,1,emergency,activate,unknown,GPV+emergency,high,reported_state,oblast,DSO,public_media_relay,near_primary,4,v3.0
XE20240903_DN_EMG_CANCEL,2024-09-03,Dnipropetrovsk Oblast,,DTEK Dnipro Grids,emergency_outage->stabilization,,replace_emergency_with_stabilization,,,2024-09-03 22:05:00+03:00,2024-09-03 19:05:00+00:00,,,,,reported_at,22:05 is the Suspilne timeline/report time quoting DTEK cancellation.,emergency off; stabilization schedules active,Dnipropetrovsk Oblast,R20240903_NAT_001,KE20240903_MULTI_REGION_EMERGENCY,high,1,,official_dso_statement_via_public_broadcaster,https://suspilne.media/dnipro/827501-raketna-ataka-po-dnipru-obstrili-nikopolsini-golovni-novini-dnipra-ta-oblasti-3-veresna/,,Dnipropetrovsk Oblast / DTEK Dnipro Grids；emergency_outage->stabilization replace_emergency_with_stabilization；状态=emergency off; stabilization schedules active。【置信度：high】,EP20240903_DNIPROPETROVSK_OBL_01,2,GPV,replace,GPV+emergency,GPV,high,reported_state,oblast,DSO,public_media_relay,near_primary,4,v3.0
XE20241117_DN_EMG_START,2024-11-17,Dnipropetrovsk Oblast,,DTEK Dnipro Grids,emergency_outage,,activate,,,2024-11-17 07:36:00+02:00,2024-11-17 05:36:00+00:00,,,,,reported_at,07:36 breaking report says emergency outages were in force on DTEK instruction from Ukrenergo.,emergency active,Dnipropetrovsk Oblast,,KE20241117_MAJOR_ATTACK,high,1,,official_dso_statement_via_dated_media,https://www.pravda.com.ua/news/2024/11/17/7484894/,,Dnipropetrovsk Oblast / DTEK Dnipro Grids；emergency_outage activate；状态=emergency active。【置信度：high】,EP20241117_DNIPROPETROVSK_OBL_01,1,emergency,activate,unknown,emergency,high,reported_state,oblast,DSO,media_relay,near_primary,4,v3.0
XE20241117_DN_EMG_CANCEL,2024-11-17,Dnipropetrovsk Oblast,,DTEK Dnipro Grids,emergency_outage,,cancel_all,,,2024-11-17 11:04:00+02:00,2024-11-17 09:04:00+00:00,,,,,reported_at,"Local dated report says DTEK announced cancellation at 11:04; another public broadcaster item appears at 11:10, so timing is treated as report-time rather than exact command-time.",emergency off,Dnipropetrovsk Oblast,,KE20241117_MAJOR_ATTACK,high,0,,official_dso_statement_via_dated_local_media,https://mis.dp.ua/information/na-dnipropetrovshhyni-vvely-ekstreni-vidklyuchennya-elektroenergiyi,Cross-source publication timestamps differ by several minutes; do not call 11:04 the exact effective switching time.,Dnipropetrovsk Oblast / DTEK Dnipro Grids；emergency_outage cancel_all；状态=emergency off。【置信度：high】,EP20241117_DNIPROPETROVSK_OBL_01,2,emergency,cancel,emergency,normal_or_planned,high,reported_state,oblast,DSO,media_relay,near_primary,4,v3.0
XE20241128_DN_EMG_CANCEL_BY,2024-11-28,Dnipropetrovsk Oblast,,DTEK Dnipro Grids,emergency_outage->stabilization,,replace_emergency_with_stabilization,,,2024-11-28 11:42:00+02:00,2024-11-28 09:42:00+00:00,,,,,cancelled_by,"By the 11:42 DTEK schedule update, stabilization schedules had replaced emergency outages; exact command minute was not recovered.",stabilization schedules active,Dnipropetrovsk Oblast,R20241128_NAT_002,KE20241128_MAJOR_ATTACK,high,1,,official_dso_statement_via_dated_media,https://thepage.ua/ua/news/onovleni-grafiki-vidklyuchen,,Dnipropetrovsk Oblast / DTEK Dnipro Grids；emergency_outage->stabilization replace_emergency_with_stabilization；状态=stabilization schedules active。【置信度：high】,EP20241128_DNIPROPETROVSK_OBL_01,1,GPV,replace,unknown,GPV,high,upper_bound,oblast,DSO,media_relay,near_primary,4,v3.0
XE20240827_OD_EMG_TO_STAB,2024-08-27,Odesa Oblast,,DTEK Odesa Grids,emergency_outage->stabilization,,replace_emergency_with_stabilization,,,2024-08-27 22:10:00+03:00,2024-08-27 19:10:00+00:00,,,,,reported_at,DTEK update at 22:10 states emergency outages were cancelled and stabilization schedules resumed.,emergency off; stabilization schedules active,Odesa Oblast,R20240827_NAT_001,KE20240826_MAJOR_ATTACK,high,1,,official_dso_statement_via_dated_media,https://nv.ua/ukr/ukraine/events/v-kieve-dnepropetrovskoy-odesskoy-i-doneckoy-oblastyah-vveli-ekstrennye-otklyucheniya-50446204.html,,Odesa Oblast / DTEK Odesa Grids；emergency_outage->stabilization replace_emergency_with_stabilization；状态=emergency off; stabilization schedules active。【置信度：high】,EP20240827_ODESA_OBLAST_01,1,GPV,replace,unknown,GPV,high,reported_state,oblast,DSO,media_relay,near_primary,4,v3.0
XE20241111_OD_EMG_START,2024-11-11,Odesa Oblast,,DTEK Odesa Grids,preventive_emergency_outage,,activate,,,2024-11-11 07:27:00+02:00,2024-11-11 05:27:00+00:00,,,,,reported_at,07:27 breaking report identifies DTEK/Odesa among regions using preventive emergency outages; exact DSO command minute is not recovered.,preventive emergency active,Odesa Oblast,,KE20241111_PREVENTIVE_EMERGENCY,high,1,,official_dso_statement_via_dated_media,https://www.pravda.com.ua/news/2024/11/11/7483843/,,Odesa Oblast / DTEK Odesa Grids；preventive_emergency_outage activate；状态=preventive emergency active。【置信度：high】,EP20241111_ODESA_OBLAST_01,1,preventive_emergency,activate,unknown,emergency,high,reported_state,oblast,DSO,media_relay,near_primary,4,v3.0
XE20241111_OD_EMG_CANCEL,2024-11-11,Odesa Oblast,,DTEK Odesa Grids,preventive_emergency_outage,,cancel_all,,,2024-11-11 13:23:00+02:00,2024-11-11 11:23:00+00:00,,,,,reported_at,13:23 dated report says DTEK cancelled emergency outages and power was being gradually returned.,emergency off / supply returning,Odesa Oblast,,KE20241111_PREVENTIVE_EMERGENCY,high,1,,official_dso_statement_via_dated_media,https://nv.ua/ukr/ukraine/events/vidklyuchennya-svitla-skasavani-u-kiyevi-ta-chotiroh-oblastyah-11-listopada-dtek-50465480.html,,Odesa Oblast / DTEK Odesa Grids；preventive_emergency_outage cancel_all；状态=emergency off / supply returning。【置信度：high】,EP20241111_ODESA_OBLAST_01,2,preventive_emergency,cancel,emergency,normal_or_planned,high,reported_state,oblast,DSO,media_relay,near_primary,4,v3.0
XE20241118_OD_STATE_321K,2024-11-18,Odesa Oblast,,DTEK Odesa Grids,physical_grid_outage,,state_observed,,,2024-11-18 13:45:00+02:00,2024-11-18 11:45:00+00:00,,,,,reported_at,"13:45 report relays DTEK state: 400k families restored since attack, 321k clients still without power.","321,000 clients still without power",Odesa Oblast,R20241118_NAT_001,KE20241117_MAJOR_ATTACK,high,1,Physical restoration episode; not a rotating outage queue.,official_dso_statement_via_dated_media,https://greenpost.ua/news/sytuatsiya-skladna-bez-elektropostachannya-zalyshayutsya-321-tysyacha-rodyn-v-odesi-ta-oblasti-i79470,,Physical restoration episode; not a rotating outage queue.【置信度：high】,EP20241118_ODESA_OBLAST_01,1,physical_outage,observe,unknown,physical_outage,high,reported_state,oblast,DSO,media_relay,near_primary,4,v3.0
XE20241118_OD_CRITICAL_RESTORE,2024-11-18,Odesa Oblast,,DTEK Odesa Grids,physical_grid_outage,,restore_partial,,,2024-11-18 16:08:00+02:00,2024-11-18 14:08:00+00:00,,,,,reported_at,16:08 report states power restored to critical-infrastructure facilities in southern Odesa.,critical infrastructure in southern Odesa re-energized; emergency outages still used regionally,southern Odesa critical infrastructure,R20241118_NAT_001,KE20241117_MAJOR_ATTACK,high,1,Do not infer household restoration from critical-infrastructure restoration.,official_dso_statement_via_dated_media,https://gazeta.ua/articles/regions/_energetiki-vidnovili-elektropostachannya-kritichnoyi-infrastrukturi-na-pivdni-odesi/1199760,,Do not infer household restoration from critical-infrastructure restoration.【置信度：high】,EP20241118_ODESA_OBLAST_01,2,physical_outage,restore_partial,physical_outage,physical_outage_partial_recovery,high,reported_state,oblast,DSO,media_relay,near_primary,4,v3.0
XE20241128_OD_EMG_START,2024-11-28,Odesa Oblast,,DTEK Odesa Grids,emergency_outage,,state_observed,,,2024-11-28 05:20:00+02:00,2024-11-28 03:20:00+00:00,,,,,reported_at,Official Odesa city channel reports emergency outages in Odesa Oblast at 05:20.,emergency active; planned schedules overridden,Odesa Oblast,R20241128_NAT_002,KE20241128_MAJOR_ATTACK,high,1,,official_city_channel_relaying_dso,https://t.me/s/odesacityofficial?after=35796,,Odesa Oblast / DTEK Odesa Grids；emergency_outage state_observed；状态=emergency active; planned schedules overridden。【置信度：high】,EP20241128_ODESA_OBLAST_01,1,emergency,observe,unknown,emergency,high,reported_state,oblast,DSO,government_relay,near_primary,4,v3.0
XE20241128_OD_EMG_CANCEL_BY,2024-11-28,Odesa Oblast,,DTEK Odesa Grids,emergency_outage->stabilization,,replace_emergency_with_stabilization,,,2024-11-28 10:37:00+02:00,2024-11-28 08:37:00+00:00,,,,,cancelled_by,"By the 10:37 DTEK update, new stabilization schedules were in force; emergency regime ended no later than this update.",stabilization schedules active,Odesa Oblast,R20241128_NAT_002,KE20241128_MAJOR_ATTACK,high,1,,official_dso_statement_via_public_broadcaster,https://suspilne.media/odesa/889921-na-odesini-vveli-ekstreni-vidklucenna-svitla-4/,,Odesa Oblast / DTEK Odesa Grids；emergency_outage->stabilization replace_emergency_with_stabilization；状态=stabilization schedules active。【置信度：high】,EP20241128_ODESA_OBLAST_01,2,GPV,replace,emergency,GPV,high,upper_bound,oblast,DSO,public_media_relay,near_primary,4,v3.0
XE20240826_SUMY_GAV_CANCEL1,2024-08-26,Sumy Oblast,,Sumyoblenergo,GAV,,cancel_one,2024-08-26 22:14:00+03:00,2024-08-26 19:14:00+00:00,,,,,,,exact_effective,Official Sumyoblenergo historical post explicitly states one GAV queue was cancelled at 22:14.,one fewer GAV queue active,Sumy Oblast,R20240826_NAT_001,KE20240826_MAJOR_ATTACK,high,0,"Corrected in v2.5: this action belongs to 26 Aug, not 27 Aug.",official_dso_archive,https://t.me/s/SumyEnergo?before=1233,Broad Telegram archive locator; body time is explicit. Freeze exact message before publication.,"Corrected in v2.5: this action belongs to 26 Aug, not 27 Aug.【置信度：high】",EP20240826_SUMY_OBLAST_01,1,GAV,cancel,unknown,normal_or_planned,high,exact_public,oblast,DSO,direct,primary,5,v3.0
XE20240826_SUMY_GAV_CANCELALL,2024-08-26,Sumy Oblast,,Sumyoblenergo,GAV,,cancel_all,2024-08-26 22:36:00+03:00,2024-08-26 19:36:00+00:00,,,,,,,exact_effective,Official Sumyoblenergo post explicitly states GAV fully cancelled at 22:36.,GAV off; GPV remains,Sumy Oblast,R20240826_NAT_001,KE20240826_MAJOR_ATTACK,high,0,Corrected in v2.5 from an erroneous 27-Aug date.,official_dso_archive,https://t.me/s/SumyEnergo?before=1233,Broad archive locator; exact message should be snapshotted.,Corrected in v2.5 from an erroneous 27-Aug date.【置信度：high】,EP20240826_SUMY_OBLAST_01,2,GAV,cancel,normal_or_planned,GPV,high,exact_public,oblast,DSO,direct,primary,5,v3.0
XE20240826_SUMY_GPV_REDUCE,2024-08-26,Sumy Oblast,,Sumyoblenergo,GPV,,cancel_one,2024-08-26 23:00:00+03:00,2024-08-26 20:00:00+00:00,,,,,,,exact_effective,"Official post explicitly states one GPV queue was cancelled at 23:00, leaving three GPV queues.",GPV 3 queues active,Sumy Oblast,R20240826_NAT_001,KE20240826_MAJOR_ATTACK,high,0,Separate planned GPV intensity change after GAV cancellation.,official_dso_archive,https://t.me/s/SumyEnergo?before=1233,,Separate planned GPV intensity change after GAV cancellation.【置信度：high】,EP20240826_SUMY_OBLAST_01,3,GPV,cancel,GPV,GPV,high,exact_public,oblast,DSO,direct,primary,5,v3.0
XE20240827_SUMY_GAV_ACTIVATE,2024-08-27,Sumy Oblast,,Sumyoblenergo,GAV,1-4,activate,2024-08-27 14:43:00+03:00,2024-08-27 11:43:00+00:00,,,,,,,exact_effective,Contemporaneous Sumy reporting quoting Sumyoblenergo explicitly states GAV queues 1–4 introduced at 14:43.,GAV q1-4 active; GPV simultaneously active,Sumy Oblast,R20240827_NAT_001,KE20240826_MAJOR_ATTACK,high,0,,sumyoblenergo_statement_via_dated_local_media,https://t.me/s/sumyliketop/59889,Time is explicit in quoted DSO text; mirror source should be paired with official-channel snapshot for publication.,Sumy Oblast / Sumyoblenergo；GAV activate；状态=GAV q1-4 active; GPV simultaneously active。【置信度：high】,EP20240827_SUMY_OBLAST_01,1,GAV,activate,unknown,GPV+GAV,high,exact_public,oblast,DSO,media_relay,near_primary,4,v3.0
XE20240827_SUMY_GAV_REDUCE,2024-08-27,Sumy Oblast,,Sumyoblenergo,GAV,3|4,cancel_subset,2024-08-27 15:47:00+03:00,2024-08-27 12:47:00+00:00,,,,,,,exact_effective,Official Sumyoblenergo post explicitly cancels GAV queues 3 and 4 at 15:47; queues 1 and 2 remain disconnected.,GAV q1-2 remain off; q3-4 restored,Sumy Oblast,R20240827_NAT_001,KE20240826_MAJOR_ATTACK,high,0,,official_dso_archive,https://t.me/s/SumyEnergo?before=1256,,Sumy Oblast / Sumyoblenergo；GAV cancel_subset；状态=GAV q1-2 remain off; q3-4 restored。【置信度：high】,EP20240827_SUMY_OBLAST_01,2,GAV,cancel,GPV+GAV,normal_or_planned,high,exact_public,oblast,DSO,direct,primary,5,v3.0
XE20240827_SUMY_GAV_ROTATE_1656,2024-08-27,Sumy Oblast,,Sumyoblenergo,GAV,"1,2 -> 5,6",rotate,2024-08-27 16:56:00+03:00,2024-08-27 13:56:00+00:00,,,,,,,exact_effective,Official post: consumers q1/q2 re-energized and q5/q6 disconnected at 16:56.,GAV q5-6 off; q1-2 restored,Sumy Oblast,R20240827_NAT_001,KE20240826_MAJOR_ATTACK,high,0,,official_dso_archive,https://t.me/s/SumyEnergo?before=1256,,Sumy Oblast / Sumyoblenergo；GAV rotate；状态=GAV q5-6 off; q1-2 restored。【置信度：high】,EP20240827_SUMY_OBLAST_01,3,GAV,rotate,normal_or_planned,GAV,high,exact_public,oblast,DSO,direct,primary,5,v3.0
XE20240827_SUMY_GAV_ROTATE_1849,2024-08-27,Sumy Oblast,,Sumyoblenergo,GAV,"5,6 -> 7,8",rotate,2024-08-27 18:49:00+03:00,2024-08-27 15:49:00+00:00,,,,,,,exact_effective,Official post: q5/q6 restored and q7/q8 disconnected at 18:49.,GAV q7-8 off; q5-6 restored,Sumy Oblast,R20240827_NAT_001,KE20240826_MAJOR_ATTACK,high,0,,official_dso_archive,https://t.me/s/SumyEnergo?before=1256,,Sumy Oblast / Sumyoblenergo；GAV rotate；状态=GAV q7-8 off; q5-6 restored。【置信度：high】,EP20240827_SUMY_OBLAST_01,4,GAV,rotate,GAV,GAV,high,exact_public,oblast,DSO,direct,primary,5,v3.0
XE20240827_SUMY_GAV_CANCELALL_2144,2024-08-27,Sumy Oblast,,Sumyoblenergo,GAV,,cancel_all,2024-08-27 21:44:00+03:00,2024-08-27 18:44:00+00:00,,,,,,,exact_effective,Official Sumyoblenergo post explicitly states all GAV cancelled at 21:44; GPV continued.,GAV off; GPV remains,Sumy Oblast,R20240827_NAT_001,KE20240826_MAJOR_ATTACK,high,0,,official_dso_archive,https://t.me/s/SumyEnergo?before=1256,,Sumy Oblast / Sumyoblenergo；GAV cancel_all；状态=GAV off; GPV remains。【置信度：high】,EP20240827_SUMY_OBLAST_01,5,GAV,cancel,GAV,GPV,high,exact_public,oblast,DSO,direct,primary,5,v3.0
XE20240829_SUMY_GAV_ADD_Q2,2024-08-29,Sumy Oblast,,Sumyoblenergo,GAV,2,activate_additional,2024-08-29 15:33:00+03:00,2024-08-29 12:33:00+00:00,,,,,,,exact_effective,Sumyoblenergo explicitly states an additional GAV queue was introduced at 15:33 while GPV also remained active.,GAV at least q1-q2 active; GPV also active,Sumy Oblast,R20240829_NAT_001,KE20240829_SUMY_EMERGENCY,high,0,The earlier activation time of GAV queue 1 and final cancellation time were not recovered; do not backfill them.,official_dso_archive,https://t.me/s/SumyEnergo?before=1256,,The earlier activation time of GAV queue 1 and final cancellation time were not recovered; do not backfill them.【置信度：high】,EP20240829_SUMY_OBLAST_01,1,GAV,expand,unknown,GPV+GAV,high,exact_public,oblast,DSO,direct,primary,5,v3.0
XE20240830_SUMY_GAV_CANCEL,2024-08-30,Sumy Oblast,,Sumyoblenergo,GAV,,cancel_all,2024-08-30 22:17:00+03:00,2024-08-30 19:17:00+00:00,,,,,,,exact_effective,Official Sumyoblenergo historical post explicitly states GAV cancelled at 22:17.,GAV off; GPV continues at 3 queues to 24:00,Sumy Oblast,R20240830_SUMYOBLA_001,KE20240830_MULTI_REGION_EMERGENCY,high,0,,official_dso_archive,https://t.me/s/SumyEnergo?before=1286,,Sumy Oblast / Sumyoblenergo；GAV cancel_all；状态=GAV off; GPV continues at 3 queues to 24:00。【置信度：high】,EP20240830_SUMY_OBLAST_01,2,GAV,cancel,GPV+GAV,GPV,high,exact_public,oblast,DSO,direct,primary,5,v3.0
XE20240901_SUMY_GAV_ACTIVATE,2024-09-01,Sumy Oblast,,Sumyoblenergo,GAV,1|2,activate,2024-09-01 20:36:00+03:00,2024-09-01 17:36:00+00:00,,,,,,,exact_effective,Sumyoblenergo explicitly states GAV queues 1 and 2 introduced at 20:36 while GPV continued.,GAV q1/q2 active plus GPV,Sumy Oblast,R20240901_NAT_001,KE20240901_SUMY_EMERGENCY,high,0,,official_dso_archive,https://t.me/s/SumyEnergo?before=1294,,Sumy Oblast / Sumyoblenergo；GAV activate；状态=GAV q1/q2 active plus GPV。【置信度：high】,EP20240901_SUMY_OBLAST_01,1,GAV,activate,unknown,GPV+GAV,high,exact_public,oblast,DSO,direct,primary,5,v3.0
XE20240901_SUMY_GAV_CANCEL_BY,2024-09-01,Sumy Oblast,,Ukrenergo / Sumyoblenergo,GAV,,cancel_all,,,2024-09-01 22:53:00+03:00,2024-09-01 19:53:00+00:00,,,,,cancelled_by,National/region reporting confirms emergency outages were cancelled by 22:53; no Sumy-specific exact switching minute was recovered.,GAV off; scheduled regime resumes,Sumy Oblast,R20240901_NAT_001,KE20240901_SUMY_EMERGENCY,high,0,,tso_state_via_public_broadcaster,https://suspilne.media/sumy/,,Sumy Oblast / Ukrenergo / Sumyoblenergo；GAV cancel_all；状态=GAV off; scheduled regime resumes。【置信度：high】,EP20240901_SUMY_OBLAST_01,2,GAV,cancel,GPV+GAV,normal_or_planned,high,upper_bound,oblast,TSO,public_media_relay,near_primary,4,v3.0
XE20240903_SUMY_GAV_ACTIVATE,2024-09-03,Sumy Oblast,,Sumyoblenergo,GAV,1-10,activate,2024-09-03 18:09:00+03:00,2024-09-03 15:09:00+00:00,,,,,,,exact_effective,Official Sumyoblenergo archive explicitly states all ten GAV queues introduced at 18:09 for the affected service territory.,GAV 1-10 active; GPV temporarily overridden,Sumy Oblast,R20240903_NAT_001,KE20240903_MULTI_REGION_EMERGENCY,high,0,,official_dso_archive,https://t.me/s/SumyEnergo,,Sumy Oblast / Sumyoblenergo；GAV activate；状态=GAV 1-10 active; GPV temporarily overridden。【置信度：high】,EP20240903_SUMY_OBLAST_01,1,GAV,activate,unknown,GPV+GAV,high,exact_public,oblast,DSO,direct,primary,5,v3.0
XE20240903_SUMY_GAV_CANCEL,2024-09-03,Sumy Oblast,,Sumyoblenergo,GAV,,cancel_all,2024-09-03 21:20:00+03:00,2024-09-03 18:20:00+00:00,,,,,,,exact_effective,Official Sumyoblenergo archive explicitly states GAV cancelled at 21:20 and GPV continued.,GAV off; GPV active,Sumy Oblast,R20240903_NAT_001,KE20240903_MULTI_REGION_EMERGENCY,high,0,,official_dso_archive,https://t.me/s/SumyEnergo,,Sumy Oblast / Sumyoblenergo；GAV cancel_all；状态=GAV off; GPV active。【置信度：high】,EP20240903_SUMY_OBLAST_01,2,GAV,cancel,GPV+GAV,GPV,high,exact_public,oblast,DSO,direct,primary,5,v3.0
XE20241213_SUMY_PHYSICAL_STATE,2024-12-13,Sumy Oblast,,Sumyoblenergo,physical_grid_outage,,state_observed,2024-12-13 12:00:00+02:00,2024-12-13 10:00:00+00:00,,,,,,,exact_state_time,"Sumyoblenergo stated the consumer outage state 'as of 12:00'. This is a snapshot, not an outage start time.",">9,000 metering points without power due to military aggression; ~1,000 additionally off due to technical network faults",Sumy Oblast,R20241213_NAT_001,KE20241213_MAJOR_ATTACK,high,1,Physical outages coexist with GPV; GPV alone cannot explain the observed lack of power.,sumyoblenergo_statement_via_dated_local_media,https://debaty.sumy.ua/news/na-sumshhini-bez-elektroenergiyi-majzhe-10-tisyach-abonentiv,,Physical outages coexist with GPV; GPV alone cannot explain the observed lack of power.【置信度：high】,EP20241213_SUMY_OBLAST_01,1,physical_outage,observe,unknown,physical_outage,high,exact_public,oblast,DSO,media_relay,near_primary,4,v3.0
XE20241226_SUMY_GAV_ACTIVATE,2024-12-26,Sumy Oblast,,Sumyoblenergo,GAV,1|2,activate,2024-12-26 06:37:00+02:00,2024-12-26 04:37:00+00:00,,,,,,,exact_effective,Official Sumyoblenergo post explicitly states GAV q1/q2 introduced at 06:37.,GAV q1/q2 active,Sumy Oblast,R20241226_GOP_001,KE20241226_SUMY_EMERGENCY,high,0,,official_dso_archive,https://t.me/s/SumyEnergo?before=1659,,Sumy Oblast / Sumyoblenergo；GAV activate；状态=GAV q1/q2 active。【置信度：high】,EP20241226_SUMY_OBLAST_01,1,GAV,activate,unknown,GAV,high,exact_public,oblast,DSO,direct,primary,5,v3.0
XE20241226_SUMY_GAV_CANCEL,2024-12-26,Sumy Oblast,,Sumyoblenergo,GAV,,cancel_all,2024-12-26 08:00:00+02:00,2024-12-26 06:00:00+00:00,,,,,,,exact_effective,Official Sumyoblenergo post states GAV cancelled at 08:00; GPV then started at 1.5 queues.,GAV off; GPV 1.5 queues starts,Sumy Oblast,R20241226_GOP_001,KE20241226_SUMY_EMERGENCY,high,0,,official_dso_archive,https://t.me/s/SumyEnergo?before=1659,,Sumy Oblast / Sumyoblenergo；GAV cancel_all；状态=GAV off; GPV 1.5 queues starts。【置信度：high】,EP20241226_SUMY_OBLAST_01,2,GAV,cancel,GAV,GPV,high,exact_public,oblast,DSO,direct,primary,5,v3.0
XE20241228_SUMY_GAV_ACTIVATE,2024-12-28,Sumy Oblast,,Sumyoblenergo,GAV,1|2,activate,2024-12-28 15:00:00+02:00,2024-12-28 13:00:00+00:00,,,,,,,official_applied_window,"Sumyoblenergo stated GAV applies from 15:00–18:00 and queues 1/2 are disconnected at the start. Treat 15:00 as official applied-window boundary, not a last-meter switching timestamp.",GAV q1/q2 active; GPV suspended,Sumy Oblast,R20241228_NAT_001,KE20241228_THREE_REGION_EMERGENCY,high,1,,sumyoblenergo_statement_via_dated_local_media,https://debaty.sumy.ua/news/na-sumshhini-diyut-avarijni-vidklyuchennya-svitla,,Sumy Oblast / Sumyoblenergo；GAV activate；状态=GAV q1/q2 active; GPV suspended。【置信度：high】,EP20241228_SUMY_OBLAST_01,1,GAV,activate,unknown,GPV+GAV,high,exact_public,oblast,DSO,media_relay,near_primary,4,v3.0
XE20241228_SUMY_GAV_ROTATE,2024-12-28,Sumy Oblast,,Sumyoblenergo,GAV,"1,2 -> 3,4",rotate,2024-12-28 17:00:00+02:00,2024-12-28 15:00:00+00:00,,,,,,,official_applied_window,Official schedule states q1/q2 restored and q3/q4 disconnected from 17:00; this is a prescribed application boundary.,GAV q3/q4 active; q1/q2 restored,Sumy Oblast,R20241228_NAT_001,KE20241228_THREE_REGION_EMERGENCY,high,1,"The official window ends at 18:00, but a separate exact cancellation action was not recovered.",sumyoblenergo_statement_via_dated_local_media,https://debaty.sumy.ua/news/na-sumshhini-diyut-avarijni-vidklyuchennya-svitla,,"The official window ends at 18:00, but a separate exact cancellation action was not recovered.【置信度：high】",EP20241228_SUMY_OBLAST_01,2,GAV,rotate,GPV+GAV,GAV,high,exact_public,oblast,DSO,media_relay,near_primary,4,v3.0
XE20250115_SUMY_GAV_ACTIVATE,2025-01-15,Sumy Oblast,,Sumyoblenergo,GAV,1-5,activate,2025-01-15 07:07:00+02:00,2025-01-15 05:07:00+00:00,,,,,,,exact_effective,Dated 15-Jan-2025 reports quoting Sumyoblenergo explicitly state GAV q1-5 introduced from 07:07.,GAV q1-5 active; GPV not applied,Sumy Oblast,,KE20250115_MAJOR_ATTACK,high,1,,sumyoblenergo_statement_via_dated_local_media,https://debaty.sumy.ua/news/na-sumshhini-vveli-avarijni-vidklyuchennya-4,,Sumy Oblast / Sumyoblenergo；GAV activate；状态=GAV q1-5 active; GPV not applied。【置信度：high】,EP20250115_SUMY_OBLAST_01,1,GAV,activate,unknown,GPV+GAV,high,exact_public,oblast,DSO,media_relay,near_primary,4,v3.0
XE20250115_SUMY_GAV_CANCEL_BY,2025-01-15,Sumy Oblast,,Ukrenergo / Sumyoblenergo,GAV,,cancel_all,,,2025-01-15 09:00:00+02:00,2025-01-15 07:00:00+00:00,,,,,cancelled_by,"Ukrenergo states all seven affected regions had their GAV cancelled at 09:00. This is an upper bound for Sumy, not a Sumy-local exact command time.",GAV off by 09:00,Sumy Oblast,,KE20250115_MAJOR_ATTACK,high,1,,official_tso_statement_via_dated_energy_media,https://ua-energy.org/uk/posts/hrafiky-avariinykh-vidkliuchen-elektroenergii-skasovani-ukrenerho,,Sumy Oblast / Ukrenergo / Sumyoblenergo；GAV cancel_all；状态=GAV off by 09:00。【置信度：high】,EP20250115_SUMY_OBLAST_01,2,GAV,cancel,GPV+GAV,normal_or_planned,high,upper_bound,oblast,TSO,media_relay,near_primary,4,v3.0
XE20240829_KH_PHYSICAL_OUTAGE,2024-08-29,Kharkiv Oblast,,Kharkivoblenergo,physical_grid_outage,,state_observed,,,2024-08-29 07:17:00+03:00,2024-08-29 04:17:00+00:00,,,,,reported_at,07:17 is the dated report time quoting Kharkivoblenergo: parts of Kharkiv had lost electricity after overnight shelling and restoration work was under way.,parts of Kharkiv city without power; restoration ongoing,parts of Kharkiv city,R20240829_NAT_001,KE20240829_KHARKIV_SHELLING_OUTAGE,high,1,No exact first-loss or full-restoration minute recovered.,official_dso_statement_via_dated_local_media,https://www.objectiv.tv/uk/objectively/2024/08/29/harkiv-chastkovo-znestrumlenij-cherez-obstril-oblenergo/,,No exact first-loss or full-restoration minute recovered.【置信度：high】,EP20240829_KHARKIV_OBLAST_01,1,physical_outage,observe,unknown,physical_outage,high,reported_state,specific_or_partial,DSO,media_relay,near_primary,4,v3.0
XE20240830_KH_GAV_START_INTERVAL,2024-08-30,Kharkiv Oblast,,Kharkivoblenergo,GAV,,activate,,,,,2024-08-30 09:18:00+03:00,2024-08-30 11:06:00+03:00,2024-08-30 06:18:00+00:00,2024-08-30 08:06:00+00:00,interval_censored,At 09:18 Kharkivoblenergo said only the hourly schedule was in use; by the 11:06 update it confirmed GAV and GPV were simultaneously active. Therefore GAV activation occurred after 09:18 and no later than 11:06.,GAV + GPV active by 11:06,Kharkiv Oblast,R20240830_NAT_001,KE20240830_MULTI_REGION_EMERGENCY,high,1,,official_dso_statement_via_two_dated_local_reports,https://www.objectiv.tv/uk/objectively/2024/08/30/v-harkovskoj-oblasti-avarijnye-otklyucheniya-sveta-chto-budet-posle-ih-otmeny/,Lower-bound source: https://www.objectiv.tv/uk/objectively/2024/08/30/poki-shho-bez-avarijnih-vidklyuchen-harkivoblenergo-pro-grafik-na-30-serpnya/,Kharkiv Oblast / Kharkivoblenergo；GAV activate；状态=GAV + GPV active by 11:06。【置信度：high】,EP20240830_KHARKIV_OBLAST_01,1,GAV,activate,unknown,GPV+GAV,high,interval,oblast,DSO,media_relay,near_primary,4,v3.0
XE20250115_KH_GAV_STATE,2025-01-15,Kharkiv Oblast,,Ukrenergo / Kharkivoblenergo,GAV,,state_observed,,,2025-01-15 08:09:00+02:00,2025-01-15 06:09:00+00:00,,,,,reported_at,08:09 dated Kharkiv report confirms emergency outages were already in force; exact local command start was not recovered.,GAV active,Kharkiv Oblast,,KE20250115_MAJOR_ATTACK,high,1,,tso_statement_via_dated_local_media,https://www.objectiv.tv/uk/objectively/2025/01/15/avarijni-vidklyuchennya-svitla-rozpochalisya-na-harkivshhini-ukrenergo/,,Kharkiv Oblast / Ukrenergo / Kharkivoblenergo；GAV state_observed；状态=GAV active。【置信度：high】,EP20250115_KHARKIV_OBLAST_01,1,GAV,observe,unknown,GAV,high,reported_state,oblast,TSO,media_relay,near_primary,4,v3.0
XE20250115_KH_GAV_CANCEL_BY,2025-01-15,Kharkiv Oblast,,Ukrenergo,GAV,,cancel_all,,,2025-01-15 09:00:00+02:00,2025-01-15 07:00:00+00:00,,,,,cancelled_by,Ukrenergo says GAV were cancelled in all seven affected oblasts at 09:00.,GAV off by 09:00,Kharkiv Oblast,,KE20250115_MAJOR_ATTACK,high,1,,official_tso_statement_via_dated_energy_media,https://ua-energy.org/uk/posts/hrafiky-avariinykh-vidkliuchen-elektroenergii-skasovani-ukrenerho,,Kharkiv Oblast / Ukrenergo；GAV cancel_all；状态=GAV off by 09:00。【置信度：high】,EP20250115_KHARKIV_OBLAST_01,2,GAV,cancel,GAV,normal_or_planned,high,upper_bound,oblast,TSO,media_relay,near_primary,4,v3.0
XE20241228_DN_EMG_STATE,2024-12-28,Dnipropetrovsk Oblast,,DTEK Dnipro Grids,emergency_outage,,state_observed,,,2024-12-28 15:21:00+02:00,2024-12-28 13:21:00+00:00,,,,,reported_at,"Kamianske municipal information at 15:21 quoted DTEK saying emergency outages were active; this is a report/state time, not the grid command second.",emergency outages active; normal schedules do not apply,parts of Kamianske / Dnipropetrovsk Oblast,R20241228_NAT_001,KE20241228_THREE_REGION_EMERGENCY,high,1,End/cancellation time not recovered.,official_dso_statement_via_dated_local_media,https://nashreporter.com/komunalka_ua/zhytelyam-kamyanskogo-28-grudnya-na-dnipropetrovshhyni-vvedeno-ekstreni-vidklyuchennya-svitla-200401,,End/cancellation time not recovered.【置信度：high】,EP20241228_DNIPROPETROVSK_OBL_01,1,emergency,observe,unknown,emergency,high,reported_state,oblast,DSO,media_relay,near_primary,4,v3.0
XE20250115_DN_GAV_STATE,2025-01-15,Dnipropetrovsk Oblast,,Ukrenergo / DTEK Dnipro Grids,GAV,,state_observed,,,2025-01-15 07:50:00+02:00,2025-01-15 05:50:00+00:00,,,,,reported_at,National dated reporting confirms Dnipropetrovsk was among regions with GAV during the attack; exact DSO command minute not recovered.,GAV active,Dnipropetrovsk Oblast,,KE20250115_MAJOR_ATTACK,high,1,,official_tso_statement_via_public_broadcaster,https://suspilne.media/archive/2025/1/15/,,Dnipropetrovsk Oblast / Ukrenergo / DTEK Dnipro Grids；GAV state_observed；状态=GAV active。【置信度：high】,EP20250115_DNIPROPETROVSK_OBL_01,1,GAV,observe,unknown,GAV,high,reported_state,oblast,TSO,public_media_relay,near_primary,4,v3.0
XE20250115_DN_GAV_CANCEL_BY,2025-01-15,Dnipropetrovsk Oblast,,Ukrenergo,GAV,,cancel_all,,,2025-01-15 09:00:00+02:00,2025-01-15 07:00:00+00:00,,,,,cancelled_by,Ukrenergo says emergency schedules were cancelled in all seven affected oblasts at 09:00.,GAV off by 09:00,Dnipropetrovsk Oblast,,KE20250115_MAJOR_ATTACK,high,1,,official_tso_statement_via_dated_energy_media,https://ua-energy.org/uk/posts/hrafiky-avariinykh-vidkliuchen-elektroenergii-skasovani-ukrenerho,,Dnipropetrovsk Oblast / Ukrenergo；GAV cancel_all；状态=GAV off by 09:00。【置信度：high】,EP20250115_DNIPROPETROVSK_OBL_01,2,GAV,cancel,GAV,normal_or_planned,high,upper_bound,oblast,TSO,media_relay,near_primary,4,v3.0
XE20241120_OD_RETURN_STABILIZATION,2024-11-20,Odesa Oblast,,DTEK Odesa Grids,emergency_outage->stabilization,,replace_emergency_with_stabilization,2024-11-20 06:00:00+02:00,2024-11-20 04:00:00+00:00,,,,,,,exact_state_time,DTEK announced that Odesa Oblast would return to stabilization schedules from 06:00 after three days of emergency outages.,operational emergency regime ended; stabilization schedules resumed,Odesa Oblast,R20241120_NAT_001,KE20241117_MAJOR_ATTACK,high,1,"This closes the emergency dispatch regime, NOT every physical distribution fault or last-household restoration.",official_dso_statement_via_dated_media,https://www.radiosvoboda.org/a/news-dtek-odeshchyna-hrafiky-vidkluchen/33208504.html,,"This closes the emergency dispatch regime, NOT every physical distribution fault or last-household restoration.【置信度：high】",EP20241120_ODESA_OBLAST_01,1,GPV,replace,unknown,GPV,high,exact_public,oblast,DSO,media_relay,near_primary,4,v3.0
XE20241213_OD_EMG_STATE,2024-12-13,Odesa Oblast,,DTEK Odesa Grids,emergency_outage,,state_observed,,,2024-12-13 12:41:00+02:00,2024-12-13 10:41:00+00:00,,,,,reported_at,At 12:41 Suspilne reported DTEK had introduced emergency outages in Odesa city and Odesa district because of network overload after the attack.,emergency outages active; stabilization plan locally overridden,Odesa city|Odesa district,R20241213_NAT_001,KE20241213_ODESSA_NETWORK_OVERLOAD,high,1,,official_dso_statement_via_public_broadcaster,https://suspilne.media/odesa/901461-v-odesi-pid-cas-povitranoi-trivogi-prolunav-vibuh-2/,,Odesa Oblast / DTEK Odesa Grids；emergency_outage state_observed；状态=emergency outages active; stabilization plan locally overridden。【置信度：high】,EP20241213_ODESA_OBLAST_01,1,emergency,observe,unknown,GPV+emergency,high,reported_state,specific_or_partial,DSO,public_media_relay,near_primary,4,v3.0
XE20241214_OD_EMG_CANCEL_BY,2024-12-14,Odesa Oblast,,DTEK Odesa Grids,emergency_outage->stabilization,,replace_emergency_with_stabilization,,,2024-12-14 09:04:00+02:00,2024-12-14 07:04:00+00:00,,,,,cancelled_by,By the 09:04 dated update DTEK confirmed Odesa had returned to stabilization schedules. The exact switching minute could have been earlier.,emergency off by 09:04; stabilization schedules active,Odesa city|Odesa district,R20241214_NAT_001,KE20241213_ODESSA_NETWORK_OVERLOAD,high,1,,official_dso_statement_via_dated_media,https://intent.press/news/war/2024/odeshina-povernulas-do-grafikiv-stabilizacijnogo-vimknennya-elektroenergiyi/,,Odesa Oblast / DTEK Odesa Grids；emergency_outage->stabilization replace_emergency_with_stabilization；状态=emergency off by 09:04; stabilization schedules active。【置信度：high】,EP20241214_ODESA_OBLAST_01,1,GPV,replace,unknown,GPV,high,upper_bound,specific_or_partial,DSO,media_relay,near_primary,4,v3.0
XE20241225_OD_SCHED_PUBLISH_0613,2024-12-25,Odesa Oblast,,DTEK Odesa Grids,stabilization_schedule_version,,publish,,,2024-12-25 06:13:00+02:00,2024-12-25 04:13:00+00:00,,,,,reported_at,"DTEK published the first same-day Odesa schedule at 06:13. This is a control-plane schedule publication, not physical switching time.",schedule version v1 published,Odesa Oblast,R20241225_NAT_001,KE20241225_MAJOR_ATTACK,high,1,,official_dso_statement_via_public_broadcaster,https://suspilne.media/odesa/910433-v-odesi-ta-oblasti-vveli-grafik-znestrumlen-ak-budut-vimikati-svitlo-25-grudna/,,Odesa Oblast / DTEK Odesa Grids；stabilization_schedule_version publish；状态=schedule version v1 published。【置信度：high】,EP20241225_ODESA_OBLAST_01,1,GPV,schedule_update,unknown,unknown,high,reported_state,oblast,DSO,public_media_relay,near_primary,4,v3.0
XE20241225_OD_SCHED_UPDATE_0713,2024-12-25,Odesa Oblast,,DTEK Odesa Grids,stabilization_schedule_version,,update,,,2024-12-25 07:13:00+02:00,2024-12-25 05:13:00+00:00,,,,,reported_at,Second DTEK schedule version published one hour after the first.,schedule v2 replaces v1,Odesa Oblast,R20241225_NAT_001,KE20241225_MAJOR_ATTACK,high,1,,official_dso_statement_via_public_broadcaster,https://suspilne.media/odesa/910433-v-odesi-ta-oblasti-vveli-grafik-znestrumlen-ak-budut-vimikati-svitlo-25-grudna/,,Odesa Oblast / DTEK Odesa Grids；stabilization_schedule_version update；状态=schedule v2 replaces v1。【置信度：high】,EP20241225_ODESA_OBLAST_01,2,GPV,schedule_update,unknown,unknown,high,reported_state,oblast,DSO,public_media_relay,near_primary,4,v3.0
XE20241225_OD_SCHED_UPDATE_0920,2024-12-25,Odesa Oblast,,DTEK Odesa Grids,stabilization_schedule_version,,shorten,,,2024-12-25 09:20:00+02:00,2024-12-25 07:20:00+00:00,,,,,reported_at,DTEK shortened/removes segments: groups 3.1/3.2 no longer scheduled off that day; 4.1/4.2 shortened to 09:00.,schedule v3 with reduced exposure,Odesa Oblast,R20241225_NAT_001,KE20241225_MAJOR_ATTACK,high,1,,official_dso_statement_via_public_broadcaster,https://suspilne.media/odesa/910433-v-odesi-ta-oblasti-vveli-grafik-znestrumlen-ak-budut-vimikati-svitlo-25-grudna/,,Odesa Oblast / DTEK Odesa Grids；stabilization_schedule_version shorten；状态=schedule v3 with reduced exposure。【置信度：high】,EP20241225_ODESA_OBLAST_01,3,GPV,schedule_update,unknown,unknown,high,reported_state,oblast,DSO,public_media_relay,near_primary,4,v3.0
XE20241225_OD_SCHED_UPDATE_1159,2024-12-25,Odesa Oblast,,DTEK Odesa Grids,stabilization_schedule_version,,extend,,,2024-12-25 11:59:00+02:00,2024-12-25 09:59:00+00:00,,,,,reported_at,DTEK again expanded scheduled outage segments for most subgroups.,schedule v4 with additional afternoon segments,Odesa Oblast,R20241225_NAT_001,KE20241225_MAJOR_ATTACK,high,1,,official_dso_statement_via_public_broadcaster,https://suspilne.media/odesa/910433-v-odesi-ta-oblasti-vveli-grafik-znestrumlen-ak-budut-vimikati-svitlo-25-grudna/,,Odesa Oblast / DTEK Odesa Grids；stabilization_schedule_version extend；状态=schedule v4 with additional afternoon segments。【置信度：high】,EP20241225_ODESA_OBLAST_01,4,GPV,schedule_update,unknown,unknown,high,reported_state,oblast,DSO,public_media_relay,near_primary,4,v3.0
XE20241225_OD_SCHED_UPDATE_1525,2024-12-25,Odesa Oblast,,DTEK Odesa Grids,stabilization_schedule_version,,cancel_afternoon_segments,,,2024-12-25 15:25:00+02:00,2024-12-25 13:25:00+00:00,,,,,reported_at,Latest DTEK update removed second-half-of-day outage segments for all groups.,schedule v5/final-known update materially reduces afternoon exposure,Odesa Oblast,R20241225_NAT_001,KE20241225_MAJOR_ATTACK,high,1,Using only the early-morning screenshot would overestimate planned exposure.,official_dso_statement_via_public_broadcaster,https://suspilne.media/odesa/910433-v-odesi-ta-oblasti-vveli-grafik-znestrumlen-ak-budut-vimikati-svitlo-25-grudna/,,Using only the early-morning screenshot would overestimate planned exposure.【置信度：high】,EP20241225_ODESA_OBLAST_01,5,GPV,cancel,unknown,normal_or_planned,high,reported_state,oblast,DSO,public_media_relay,near_primary,4,v3.0
XE20240604_KH_GAV_ACTIVATE_1421,2024-06-04,Kharkiv Oblast,,Ukrenergo / Kharkivoblenergo,GAV,,activate,2024-06-04 14:21:00+03:00,2024-06-04 11:21:00+00:00,,,,,,,exact_effective,Ukrenergo's next-day operational recap explicitly states that this regional emergency action took effect at the recorded local time.,GAV active,Kharkiv Oblast,R20240604_NAT_001,KE20240604_MULTI_REGION_EMERGENCY,high,0,First afternoon emergency override in Kharkiv after consumption exceeded the regional limit.,official_tso_operational_recap,https://t.me/s/ukrenergo?before=2921,Corroborated by Ukrinform 5-Jun operational recap.,First afternoon emergency override in Kharkiv after consumption exceeded the regional limit.【置信度：high】,EP20240604_KHARKIV_OBLAST_01,1,GAV,activate,unknown,GAV,high,exact_public,oblast,TSO,other,primary,5,v3.0
XE20240604_KH_SGAV_ACTIVATE_1449,2024-06-04,Kharkiv Oblast,,Ukrenergo / Kharkivoblenergo,SGAV,ALL categories,activate,2024-06-04 14:49:00+03:00,2024-06-04 11:49:00+00:00,,,,,,,exact_effective,Ukrenergo's next-day operational recap explicitly states that this regional emergency action took effect at the recorded local time.,SGAV active for all consumer categories,Kharkiv Oblast,R20240604_NAT_001,KE20240604_MULTI_REGION_EMERGENCY,high,0,Emergency restriction escalated from GAV to special emergency shedding.,official_tso_operational_recap,https://t.me/s/ukrenergo?before=2921,Ukrinform independently quotes 14:49–15:30 SGAV for the same set including Kharkiv.,Emergency restriction escalated from GAV to special emergency shedding.【置信度：high】,EP20240604_KHARKIV_OBLAST_01,2,GAV+SGAV,activate,GAV,GAV+SGAV,high,exact_public,oblast,TSO,other,primary,5,v3.0
XE20240604_KH_EMG_CANCEL_1530,2024-06-04,Kharkiv Oblast,,Ukrenergo / Kharkivoblenergo,GAV+SGAV,,cancel_all,2024-06-04 15:30:00+03:00,2024-06-04 12:30:00+00:00,,,,,,,exact_effective,Ukrenergo's next-day operational recap explicitly states that this regional emergency action took effect at the recorded local time.,Emergency restrictions off; hourly schedules resume,Kharkiv Oblast,R20240604_NAT_001,KE20240604_MULTI_REGION_EMERGENCY,high,0,Closes the first Kharkiv emergency episode of the day.,official_tso_operational_recap,https://t.me/s/ukrenergo?before=2921,Same operational recap explicitly says emergency restrictions were cancelled at 15:30.,Closes the first Kharkiv emergency episode of the day.【置信度：high】,EP20240604_KHARKIV_OBLAST_01,3,GAV+SGAV,cancel,GAV+SGAV,GPV,high,exact_public,oblast,TSO,other,primary,5,v3.0
XE20240604_SUMY_GAV_ACTIVATE_2115,2024-06-04,Sumy Oblast,,Ukrenergo / Sumyoblenergo,GAV,,activate,2024-06-04 21:15:00+03:00,2024-06-04 18:15:00+00:00,,,,,,,exact_effective,Ukrenergo's next-day operational recap explicitly states that this regional emergency action took effect at the recorded local time.,GAV active,Sumy Oblast,R20240604_NAT_001,KE20240604_MULTI_REGION_EMERGENCY,high,0,Evening emergency override began in Sumy at 21:15.,official_tso_operational_recap,https://t.me/s/ukrenergo?before=2921,Cross-checked against Suspilne/Ukrinform summaries of Ukrenergo's dispatch chronology.,Evening emergency override began in Sumy at 21:15.【置信度：high】,EP20240604_SUMY_OBLAST_01,1,GAV,activate,unknown,GAV,high,exact_public,oblast,TSO,other,primary,5,v3.0
XE20240604_KH_GAV_ACTIVATE_2127,2024-06-04,Kharkiv Oblast,,Ukrenergo / Kharkivoblenergo,GAV,,activate,2024-06-04 21:27:00+03:00,2024-06-04 18:27:00+00:00,,,,,,,exact_effective,Ukrenergo's next-day operational recap explicitly states that this regional emergency action took effect at the recorded local time.,GAV active,Kharkiv Oblast,R20240604_NAT_001,KE20240604_MULTI_REGION_EMERGENCY,high,0,Second Kharkiv emergency episode of 4 June began at 21:27.,official_tso_operational_recap,https://t.me/s/ukrenergo?before=2921,Cross-checked against Suspilne/Ukrinform summaries of Ukrenergo's dispatch chronology.,Second Kharkiv emergency episode of 4 June began at 21:27.【置信度：high】,EP20240604_KHARKIV_OBLAST_02,1,GAV,activate,unknown,GAV,high,exact_public,oblast,TSO,other,primary,5,v3.0
XE20240605_SUMY_GAV_CANCEL_0057,2024-06-05,Sumy Oblast,,Ukrenergo / Sumyoblenergo,GAV,,cancel_all,2024-06-05 00:57:00+03:00,2024-06-04 21:57:00+00:00,,,,,,,exact_effective,Ukrenergo's next-day operational recap explicitly states that this regional emergency action took effect at the recorded local time.,GAV off; hourly schedule resumes,Sumy Oblast,R20240605_NAT_001,KE20240604_MULTI_REGION_EMERGENCY,high,0,Cross-midnight cancellation of the 4-Jun Sumy emergency episode.,official_tso_operational_recap,https://t.me/s/ukrenergo?before=2921,The source says all emergency restrictions from the late-4-Jun episode were cancelled at 00:57.,Cross-midnight cancellation of the 4-Jun Sumy emergency episode.【置信度：high】,EP20240605_SUMY_OBLAST_01,1,GAV,cancel,unknown,GPV,high,exact_public,oblast,TSO,other,primary,5,v3.0
XE20240605_KH_GAV_CANCEL_0057,2024-06-05,Kharkiv Oblast,,Ukrenergo / Kharkivoblenergo,GAV,,cancel_all,2024-06-05 00:57:00+03:00,2024-06-04 21:57:00+00:00,,,,,,,exact_effective,Ukrenergo's next-day operational recap explicitly states that this regional emergency action took effect at the recorded local time.,GAV off; hourly schedule resumes,Kharkiv Oblast,R20240605_NAT_001,KE20240604_MULTI_REGION_EMERGENCY,high,0,Cross-midnight cancellation of the 4-Jun Kharkiv emergency episode.,official_tso_operational_recap,https://t.me/s/ukrenergo?before=2921,The source says all emergency restrictions from the late-4-Jun episode were cancelled at 00:57.,Cross-midnight cancellation of the 4-Jun Kharkiv emergency episode.【置信度：high】,EP20240605_KHARKIV_OBLAST_01,1,GAV,cancel,unknown,GPV,high,exact_public,oblast,TSO,other,primary,5,v3.0
XE20240605_OD_GAV_ACTIVATE_2040,2024-06-05,Odesa Oblast,,Ukrenergo / Odesa DSO,GAV,,activate,2024-06-05 20:40:00+03:00,2024-06-05 17:40:00+00:00,,,,,,,exact_effective,Ukrenergo's next-day operational recap explicitly states that this regional emergency action took effect at the recorded local time.,GAV active,Odesa Oblast,R20240605_NAT_001,KE20240605_MULTI_REGION_EMERGENCY,high,0,Odesa planned/hourly regime temporarily overridden.,official_tso_operational_recap,https://t.me/s/ukrenergo?before=2929,Official Ukrenergo recap explicitly lists Odesa in the 20:40 emergency dispatch.,Odesa planned/hourly regime temporarily overridden.【置信度：high】,EP20240605_ODESA_OBLAST_01,1,GAV,activate,unknown,GAV,high,exact_public,oblast,TSO,other,primary,5,v3.0
XE20240605_OD_GAV_CANCEL_2135,2024-06-05,Odesa Oblast,,Ukrenergo / Odesa DSO,GAV,,cancel_all,2024-06-05 21:35:00+03:00,2024-06-05 18:35:00+00:00,,,,,,,exact_effective,Ukrenergo's next-day operational recap explicitly states that this regional emergency action took effect at the recorded local time.,GAV off; hourly schedule resumes,Odesa Oblast,R20240605_NAT_001,KE20240605_MULTI_REGION_EMERGENCY,high,0,Exact regional early cancellation; Odesa's emergency episode lasted about 55 minutes.,official_tso_operational_recap,https://t.me/s/ukrenergo?before=2929,Official recap explicitly states Odesa emergency outages were cancelled at 21:35.,Exact regional early cancellation; Odesa's emergency episode lasted about 55 minutes.【置信度：high】,EP20240605_ODESA_OBLAST_01,2,GAV,cancel,GAV,GPV,high,exact_public,oblast,TSO,other,primary,5,v3.0
XE20240605_SUMY_GAV_ACTIVATE_2040,2024-06-05,Sumy Oblast,,Ukrenergo / Sumyoblenergo,GAV,,activate,2024-06-05 20:40:00+03:00,2024-06-05 17:40:00+00:00,,,,,,,exact_effective,Ukrenergo's next-day operational recap explicitly states that this regional emergency action took effect at the recorded local time.,GAV active,Sumy Oblast,R20240605_NAT_001,KE20240605_MULTI_REGION_EMERGENCY,high,0,Evening emergency override in Sumy.,official_tso_operational_recap,https://t.me/s/ukrenergo?before=2929,Official recap explicitly lists Sumy in the 20:40 emergency dispatch.,Evening emergency override in Sumy.【置信度：high】,EP20240605_SUMY_OBLAST_01,1,GAV,activate,unknown,GAV,high,exact_public,oblast,TSO,other,primary,5,v3.0
XE20240605_SUMY_GAV_CANCEL_2340,2024-06-05,Sumy Oblast,,Ukrenergo / Sumyoblenergo,GAV,,cancel_all,2024-06-05 23:40:00+03:00,2024-06-05 20:40:00+00:00,,,,,,,exact_effective,Ukrenergo's next-day operational recap explicitly states that this regional emergency action took effect at the recorded local time.,GAV off; hourly schedule resumes,Sumy Oblast,R20240605_NAT_001,KE20240605_MULTI_REGION_EMERGENCY,high,0,Closes Sumy's 5-Jun evening emergency episode.,official_tso_operational_recap,https://t.me/s/ukrenergo?before=2929,Official recap explicitly states Sumy emergency outages were cancelled at 23:40.,Closes Sumy's 5-Jun evening emergency episode.【置信度：high】,EP20240605_SUMY_OBLAST_01,2,GAV,cancel,GAV,GPV,high,exact_public,oblast,TSO,other,primary,5,v3.0
XE20240605_KH_GAV_ACTIVATE_2040,2024-06-05,Kharkiv Oblast,,Ukrenergo / Kharkivoblenergo,GAV,,activate,2024-06-05 20:40:00+03:00,2024-06-05 17:40:00+00:00,,,,,,,exact_effective,Ukrenergo's next-day operational recap explicitly states that this regional emergency action took effect at the recorded local time.,GAV active,Kharkiv Oblast,R20240605_NAT_001,KE20240605_MULTI_REGION_EMERGENCY,high,0,Evening emergency override in Kharkiv.,official_tso_operational_recap,https://t.me/s/ukrenergo?before=2929,Official recap explicitly lists Kharkiv in the 20:40 emergency dispatch.,Evening emergency override in Kharkiv.【置信度：high】,EP20240605_KHARKIV_OBLAST_01,1,GAV,activate,unknown,GAV,high,exact_public,oblast,TSO,other,primary,5,v3.0
XE20240605_KH_GAV_CANCEL_2340,2024-06-05,Kharkiv Oblast,,Ukrenergo / Kharkivoblenergo,GAV,,cancel_all,2024-06-05 23:40:00+03:00,2024-06-05 20:40:00+00:00,,,,,,,exact_effective,Ukrenergo's next-day operational recap explicitly states that this regional emergency action took effect at the recorded local time.,GAV off; hourly schedule resumes,Kharkiv Oblast,R20240605_NAT_001,KE20240605_MULTI_REGION_EMERGENCY,high,0,Closes Kharkiv's 5-Jun evening emergency episode.,official_tso_operational_recap,https://t.me/s/ukrenergo?before=2929,Official recap explicitly states Kharkiv emergency outages were cancelled at 23:40.,Closes Kharkiv's 5-Jun evening emergency episode.【置信度：high】,EP20240605_KHARKIV_OBLAST_01,2,GAV,cancel,GAV,GPV,high,exact_public,oblast,TSO,other,primary,5,v3.0
XE20240829_DN_EMG_STATE_1156,2024-08-29,Dnipropetrovsk Oblast,DTEK Dnipro Grids service area,DTEK Dnipro Grids,emergency_outage,,state_observed,,,2024-08-29 11:56:00+03:00,2024-08-29 08:56:00+00:00,,,,,reported_at,DTEK official group post at 11:56 confirms emergency outages were active in Dnipropetrovsk; this is not claimed as the exact dispatch or physical switching minute.,emergency outages active; planned GPV not applicable in the affected DTEK service area,DTEK Dnipro Grids service area; do not automatically propagate to PEEM CEK territory,R20240829_NAT_001,KE20240829_MULTI_REGION_EMERGENCY,high,1,确认国家计划在该运营商区域被 emergency override 覆盖；11:56 只能当作公开确认时间，不能当作精确拉闸时间。,official_dso_group,https://t.me/s/dtek_ua?before=1800,"Official DTEK channel, post visible at 11:56 local.",确认国家计划在该运营商区域被 emergency override 覆盖；11:56 只能当作公开确认时间，不能当作精确拉闸时间。【置信度：high】,EP20240829_DNIPROPETROVSK_OBL_01,1,emergency,observe,unknown,GPV+emergency,high,reported_state,specific_service_area,DSO,direct_social,near_primary,4,v3.0
XE20240830_DN_PREV_EMG_CANCEL_0300,2024-08-30,Dnipropetrovsk Oblast,DTEK Dnipro Grids service area,DTEK Dnipro Grids,emergency_outage,,cancel_all,2024-08-30 03:00:00+03:00,2024-08-30 00:00:00+00:00,,,,,,,secondary_exact_report,A dated local report quoting DTEK says the previous day's emergency outages were cancelled at 03:00. The original DTEK Dnipro cancellation post has not been recovered.,previous emergency wave cancelled; scheduled regime could resume before a new emergency wave later that morning,DTEK Dnipro Grids service area,R20240830_NAT_001,KE20240829_MULTI_REGION_EMERGENCY,medium,0,为 8 月 29 日 Dnipropetrovsk emergency wave 提供 03:00 的次级来源取消点；在找到一手调度帖前不作为 publication-grade 精确终点。,dated_local_media_quoting_dso,https://sobitie.com.ua/kommunalka/na-dnipropetrovshhyni-znovu-diyut-ekstreni-vidklyuchennya-elektroenergiyi-338053/,Secondary dated recap; primary DSO archive still requested.,为 8 月 29 日 Dnipropetrovsk emergency wave 提供 03:00 的次级来源取消点；在找到一手调度帖前不作为 publication-grade 精确终点。【置信度：medium】,EP20240830_DNIPROPETROVSK_OBL_01,1,emergency,cancel,unknown,normal_or_planned,medium,secondary_exact,specific_service_area,DSO,media_relay,near_primary,4,v3.0
XE20240830_DN_EMG_STATE_1035,2024-08-30,Dnipropetrovsk Oblast,DTEK Dnipro Grids service area,DTEK Dnipro Grids,emergency_outage,,state_observed,,,2024-08-30 10:35:00+03:00,2024-08-30 07:35:00+00:00,,,,,reported_at,Dated Dnipro reporting at 10:35 quotes DTEK that emergency outages are active; report time is not the exact dispatch minute.,emergency outages active; ordinary schedule inactive,Dnipro city / DTEK Dnipro Grids service area,R20240830_NAT_003,KE20240830_MULTI_REGION_EMERGENCY,high,1,10:35 已确认 DTEK Dnipro 区域处于紧急停电，原 09:00–14:00 的国家 GPV 不能直接当作实际暴露。,dso_statement_via_dated_local_media,https://dp.informator.ua/uk/skladna-situaciya-v-energosistemi-u-dnipri-ta-oblasti-vveli-ekstreni-vidklyuchennya-svitla,Local dated report directly quotes DTEK.,10:35 已确认 DTEK Dnipro 区域处于紧急停电，原 09:00–14:00 的国家 GPV 不能直接当作实际暴露。【置信度：high】,EP20240830_DNIPROPETROVSK_OBL_01,2,emergency,observe,emergency,emergency,high,reported_state,specific_service_area,DSO,media_relay,near_primary,4,v3.0
XE20240830_CEK_GAV_STATE_1035,2024-08-30,Dnipropetrovsk Oblast,PEEM CEK service area,PEEM CEK,GAV,,state_observed,,,2024-08-30 10:35:00+03:00,2024-08-30 07:35:00+00:00,,,,,reported_at,The same dated Dnipro report states CEK was applying emergency-outage schedules; exact CEK activation minute was not recovered.,CEK emergency-outage schedule active,PEEM CEK distribution service area only,R20240830_NAT_003,KE20240830_MULTI_REGION_EMERGENCY,medium,0,补上 Dnipropetrovsk 第二套 DSO 的 emergency 状态，避免把 DTEK 执行记录错误外推到整个州；精确启动分钟仍缺一手 CEK 记录。,dated_local_media_quoting_operator,https://dp.informator.ua/uk/skladna-situaciya-v-energosistemi-u-dnipri-ta-oblasti-vveli-ekstreni-vidklyuchennya-svitla,Article explicitly says CEK was applying emergency schedules.,补上 Dnipropetrovsk 第二套 DSO 的 emergency 状态，避免把 DTEK 执行记录错误外推到整个州；精确启动分钟仍缺一手 CEK 记录。【置信度：medium】,EP20240830_DNIPROPETROVSK_OBL_01,1,GAV,observe,unknown,emergency,medium,reported_state,specific_service_area,media,media_relay,secondary,3,v3.0
XE20240830_OD_EMG_STATE_1035,2024-08-30,Odesa Oblast,DTEK Odesa Grids service area,DTEK Odesa Grids,emergency_outage,,state_observed,,,2024-08-30 10:35:00+03:00,2024-08-30 07:35:00+00:00,,,,,reported_at,"Dated Odesa reporting at 10:35 cites DTEK: emergency outages are active and normal schedules do not apply. It is a state observation, not the exact switch time.",emergency outages active; planned schedules inactive,Odesa city and oblast / DTEK Odesa Grids,R20240830_NAT_003,KE20240830_MULTI_REGION_EMERGENCY,high,1,补上此前缺失的 Odesa 8 月 30 日 emergency override；该时段不能直接使用国家 1 队列 GPV 作为实际暴露。,dso_statement_via_dated_local_media,https://odesa.novyny.live/svitla-bude-shche-menshe-v-odesi-vvodiat-ekstreni-vidkliuchennia-196349.html,Article explicitly attributes the emergency-outage notice to DTEK.,补上此前缺失的 Odesa 8 月 30 日 emergency override；该时段不能直接使用国家 1 队列 GPV 作为实际暴露。【置信度：high】,EP20240830_ODESA_OBLAST_01,1,emergency,observe,unknown,emergency,high,reported_state,specific_service_area,DSO,media_relay,near_primary,4,v3.0
XE20240830_KH_RESTORE_PARTIAL_1152,2024-08-30,Kharkiv Oblast,,Kharkivoblenergo / Ministry of Energy,physical_grid_outage,,restore_partial,,,2024-08-30 11:52:00+03:00,2024-08-30 08:52:00+00:00,,,,,reported_at,"Ministry of Energy status published at 11:52: more than 72,000 customers de-energized by shelling had been restored over the previous day; 38.8k remained without voltage that morning.",">72,000 customers restored; 38.8k still without voltage in the morning",Kharkiv Oblast shelling-related physical outages,R20240830_NAT_003,KE20240829_KHARKIV_SHELLING_OUTAGE,high,1,这是物理恢复进度而不是 GAV 取消：说明 8 月 29 日炮击断电在 30 日仍未完全恢复，不能把计划停电窗口终点误当成真实恢复终点。,ministry_status_via_dated_local_media,https://www.objectiv.tv/uk/objectively/2024/08/30/72-tisyachi-abonentiv-na-harkivshhini-zalishilisya-bez-svitla-cherez-obstrili/,Objective quotes the Ukrainian Ministry of Energy.,这是物理恢复进度而不是 GAV 取消：说明 8 月 29 日炮击断电在 30 日仍未完全恢复，不能把计划停电窗口终点误当成真实恢复终点。【置信度：high】,EP20240830_KHARKIV_OBLAST_01,1,physical_outage,restore_partial,unknown,physical_outage_partial_recovery,high,reported_state,oblast,government,media_relay,near_primary,4,v3.0
XE20241117_OD_EMG_STATE_0823,2024-11-17,Odesa Oblast,Odesa city / oblast,DTEK Odesa Grids,emergency_outage,,state_observed,,,2024-11-17 08:23:00+02:00,2024-11-17 06:23:00+00:00,,,,,reported_at,Dated Odesa report at 08:23 says Ukrenergo ordered emergency outages and planned schedules were not operating. The actual command may precede publication.,emergency outages active; planned schedules inactive,Odesa city and oblast,,KE20241117_MAJOR_ATTACK,high,1,为 11 月 17 日 Odesa 大规模攻击补上明确的 emergency 状态观察点；同时水务和电动交通也受影响，但 08:23 不是精确物理拉闸时间。,dso_statement_via_dated_local_media,https://odesa.novyny.live/v-odesi-vveli-ekstreni-vidkliuchennia-svitla-grafiki-ne-diiut-213499.html,Dated 08:23 local report.,为 11 月 17 日 Odesa 大规模攻击补上明确的 emergency 状态观察点；同时水务和电动交通也受影响，但 08:23 不是精确物理拉闸时间。【置信度：high】,EP20241117_ODESA_OBLAST_01,1,emergency,observe,unknown,emergency,high,reported_state,specific_service_area,DSO,media_relay,near_primary,4,v3.0
XE20241119_OD_RESTORE_PARTIAL_1528,2024-11-19,Odesa Oblast,,DTEK Odesa Grids,physical_grid_outage,,restore_partial,,,2024-11-19 15:28:00+02:00,2024-11-19 13:28:00+00:00,,,,,reported_at,"Interfax at 15:28 reports DTEK had restored power to 714,000 families over the previous two days; repairs continued and emergency outages were still being applied.","714,000 families restored over two days; emergency regime still active",Odesa Oblast post-17-Nov attack recovery,R20241119_NAT_005,KE20241117_MAJOR_ATTACK,high,1,这条记录证明“恢复供电”和“退出 emergency regime”不是同一时刻：11 月 19 日已大规模恢复，但区域仍在紧急停电状态。,dtek_statement_via_interfax,https://ru.interfax.com.ua/news/general/1028573.html,Interfax timestamp 15:28 local; statement attributed directly to DTEK.,这条记录证明“恢复供电”和“退出 emergency regime”不是同一时刻：11 月 19 日已大规模恢复，但区域仍在紧急停电状态。【置信度：high】,EP20241119_ODESA_OBLAST_01,1,physical_outage,restore_partial,unknown,physical_outage_partial_recovery,high,reported_state,oblast,DSO,public_media_relay,near_primary,4,v3.0
XE20240715_KH_GAV_ACTIVATE_1200,2024-07-15,Kharkiv Oblast,Kharkiv City|Lozova district|Kupiansk district,Kharkivoblenergo,emergency_outage,,activate,2024-07-15 12:00:00+03:00,2024-07-15 09:00:00+00:00,,,,,,,exact_effective,Kharkivoblenergo explicitly states emergency outages were introduced from 12:00 in Kharkiv and parts of Lozova/Kupiansk districts.,emergency outages active in affected Kharkiv service areas,Kharkiv City|parts of Lozova and Kupiansk districts,R20240715_NAT_001,KE20240715_KHARKIV_EMERGENCY,high,1,12:00 是 oblenenergo 明确给出的 emergency 生效时间；该区域此后不能只按全国 GPV 队列强度标注。,dso_statement_via_dated_local_media,https://www.objectiv.tv/uk/objectively/2024/07/15/v-oblenergo-nazvali-v-yakih-rajonah-harkivshhini-avarijno-vidklyuchili-svitlo/,Direct Kharkivoblenergo statement reproduced by dated Kharkiv media.,12:00 是 oblenenergo 明确给出的 emergency 生效时间；该区域此后不能只按全国 GPV 队列强度标注。【置信度：high】,EP20240715_KHARKIV_OBLAST_01,1,emergency,activate,unknown,emergency,high,exact_public,specific_service_area,DSO,media_relay,near_primary,4,v3.0
XE20240715_KH_GAV_CANCEL_BY_1814,2024-07-15,Kharkiv Oblast,,Ukrenergo / Kharkivoblenergo,emergency_outage,,replace_emergency_with_hourly,,,2024-07-15 18:14:00+03:00,2024-07-15 15:14:00+00:00,,2024-07-15 18:14:00+03:00,,2024-07-15 15:14:00+00:00,cancelled_by,"By the 18:14 dated report, emergency outages had been cancelled and Kharkiv returned to hourly schedules; this is an upper bound, not the feeder switching minute.",emergency off; hourly GPV resumes,Kharkiv Oblast,R20240715_NAT_002,KE20240715_KHARKIV_EMERGENCY,high,1,18:14 只能作为‘最迟已取消’上界，不能伪装成所有 feeder 同时恢复的物理分钟。,ukrenergo_statement_via_dated_local_media,https://www.objectiv.tv/uk/objectively/2024/07/15/avarijni-vimknennya-svitla-na-harkivshhini-skasovani-ukrenergo/,Report timestamp provides a conservative cancellation upper bound.,18:14 只能作为‘最迟已取消’上界，不能伪装成所有 feeder 同时恢复的物理分钟。【置信度：high】,EP20240715_KHARKIV_OBLAST_01,2,emergency,replace,emergency,GPV,high,upper_bound,oblast,TSO,media_relay,near_primary,4,v3.0
XE20240724_SUMY_GPV_CANCEL_0930,2024-07-24,Sumy Oblast,,Sumyoblenergo / Ukrenergo,GPV,ALL,cancel_planned_window,2024-07-24 09:30:00+03:00,2024-07-24 06:30:00+00:00,,,,,,,exact_effective,Sumyoblenergo updated schedule states outages are not applied 09:30–16:00.,GPV suspended until 16:00,Sumy Oblast,R20240724_SUMY_CANCEL_001,KE20240724_REGIONAL_CANCELLATION,high,1,这是同日实际调度取消窗口，可作为计划暴露的负向执行覆盖，而不是把 00:00–16:00 全部标成 q0。,dso_statement_via_dated_local_media,https://debaty.sumy.ua/news/grafiki-pogodinnih-vidklyuchen-skasovani-do-16-00,09:30–16:00 explicitly stated.,这是同日实际调度取消窗口，可作为计划暴露的负向执行覆盖，而不是把 00:00–16:00 全部标成 q0。【置信度：high】,EP20240724_SUMY_OBLAST_01,1,GPV,cancel,unknown,GPV,high,exact_public,oblast,DSO,media_relay,near_primary,4,v3.0
XE20240724_KH_GPV_CANCEL_0930,2024-07-24,Kharkiv Oblast,,Kharkivoblenergo / Ukrenergo,GPV,ALL,cancel_planned_window,2024-07-24 09:30:00+03:00,2024-07-24 06:30:00+00:00,,,,,,,exact_dispatch_with_early_restoration,Ukrenergo gives the 09:30 cancellation boundary; Kharkivoblenergo confirms power returned much earlier than planned and schedules were cancelled until 16:00.,planned outages cancelled; supply returned earlier than original schedule,Kharkiv Oblast,R20240724_KH_CANCEL_001,KE20240724_REGIONAL_CANCELLATION,high,1,这是一条真正与‘提前恢复’相关的证据：Kharkivoblenergo 明确称供电比计划明显更早恢复；精确 feeder 复电秒仍未知。,tso_command_plus_dso_confirmation,https://www.objectiv.tv/uk/objectively/2024/07/24/u-harkovi-skasuvali-grafiki-pogodinnih-vidklyuchen-yak-nadovgo/,09:30 broad boundary corroborated by Ukrenergo national update.,这是一条真正与‘提前恢复’相关的证据：Kharkivoblenergo 明确称供电比计划明显更早恢复；精确 feeder 复电秒仍未知。【置信度：high】,EP20240724_KHARKIV_OBLAST_01,1,GPV,cancel,unknown,normal_or_planned,high,exact_public,oblast,TSO,other,secondary,3,v3.0
XE20240724_DN_GPV_CANCEL_0930,2024-07-24,Dnipropetrovsk Oblast,DTEK Dnipro Grids service area,Ukrenergo / DTEK Dnipro Grids,GPV,ALL,cancel_planned_window,2024-07-24 09:30:00+03:00,2024-07-24 06:30:00+00:00,,,,,,,exact_dispatch,Ukrenergo explicitly places Dnipropetrovsk in the 09:30–16:00 no-restriction group; physical feeder switching remains unobserved.,GPV dispatch cancelled until 16:00,Dnipropetrovsk Oblast; operator-domain caveat applies,R20240724_DN_CANCEL_001,KE20240724_REGIONAL_CANCELLATION,high,1,可作为区域调度取消真值，但不是 DTEK/CEK 每条线路的 SCADA 复电分钟。,official_tso_via_public_broadcaster,https://suspilne.media/797383-24-lipna-grafiki-vidklucen-svitla-skasovani-do-1600-dtek/,Dnipropetrovsk explicitly listed in 09:30–16:00 cancellation group.,可作为区域调度取消真值，但不是 DTEK/CEK 每条线路的 SCADA 复电分钟。【置信度：high】,EP20240724_DNIPROPETROVSK_OBL_01,1,GPV,cancel,unknown,GPV,high,exact_public,specific_service_area,TSO,public_media_relay,near_primary,4,v3.0
XE20240724_OD_GPV_CANCEL_0825,2024-07-24,Odesa Oblast,DTEK Odesa Grids service area,DTEK Odesa Grids,GPV,ALL,cancel_planned_window,2024-07-24 08:25:00+03:00,2024-07-24 05:25:00+00:00,,,,,,,exact_operator_window,DTEK Odesa states no outages 08:25–18:00. Ukrenergo broad grouping gives 08:20; operator-specific 08:25 is retained.,stabilization outages cancelled until 18:00,DTEK Odesa Grids service area,R20240724_OD_CANCEL_001,KE20240724_REGIONAL_CANCELLATION,high,1,保留 DTEK 08:25 与 Ukrenergo 08:20 的 5 分钟差异；这正是多源情报中不应强行统一的细节。,official_dso_statement_via_public_broadcaster,https://suspilne.media/odesa/797405-v-odeskij-oblasti-do-vecora-skasuvali-vimknenna-svitla/,DTEK Odesa press service states 08:25–18:00.,保留 DTEK 08:25 与 Ukrenergo 08:20 的 5 分钟差异；这正是多源情报中不应强行统一的细节。【置信度：high】,EP20240724_ODESA_OBLAST_01,1,GPV,cancel,unknown,GPV,high,exact_public,specific_service_area,DSO,public_media_relay,near_primary,4,v3.0
XE20240917_SUMY_RESTORE_0226,2024-09-17,Sumy Oblast,Okhtyrka REM|Trostianets|Velyka Pysarivka|part Krasnopillia,Sumyoblenergo,physical_grid_outage,,restore_partial,2024-09-17 02:26:00+03:00,2024-09-16 23:26:00+00:00,,,,,,,exact_effective,Sumyoblenergo reports these networks were re-energized at 02:26 after the energy-infrastructure strike.,partial physical supply restored,Okhtyrka REM|Trostianets|Velyka Pysarivka|part Krasnopillia,R20240917_AUD_001,KE20240917_SUMY_ATTACK,high,1,02:26 已出现部分物理复电，因此 04:00 UTC（07:00 本地）的‘仍有 281072 户无电’只能是残余状态快照，不能当成 outage onset。,official_dso_via_ova,https://t.me/s/Sumy_news_ODA?before=29876,OVA forwards exact Sumyoblenergo restoration chronology.,02:26 已出现部分物理复电，因此 04:00 UTC（07:00 本地）的‘仍有 281072 户无电’只能是残余状态快照，不能当成 outage onset。【置信度：high】,EP20240917_SUMY_OBLAST_01,1,physical_outage,restore_partial,unknown,physical_outage_partial_recovery,high,exact_public,specific_or_partial,DSO,government_relay,near_primary,4,v3.0
XE20240917_SUMY_RESTORE_0311,2024-09-17,Sumy Oblast,part of Putyvl district,Sumyoblenergo,physical_grid_outage,,restore_partial,2024-09-17 03:11:00+03:00,2024-09-17 00:11:00+00:00,,,,,,,exact_effective,Sumyoblenergo reports partial re-energization of Putyvl networks at 03:11.,additional partial physical restoration,part of Putyvl district,R20240917_AUD_001,KE20240917_SUMY_ATTACK,high,1,第二个明确恢复节点，证明该事件应按恢复状态机建模，而不是一个从 04:00 UTC 开始的连续 blackout。,official_dso_via_ova,https://t.me/s/Sumy_news_ODA?before=29876,Exact body time 03:11.,第二个明确恢复节点，证明该事件应按恢复状态机建模，而不是一个从 04:00 UTC 开始的连续 blackout。【置信度：high】,EP20240917_SUMY_OBLAST_01,2,physical_outage,restore_partial,physical_outage_partial_recovery,physical_outage_partial_recovery,high,exact_public,specific_service_area,DSO,government_relay,near_primary,4,v3.0
XE20240917_SUMY_RESIDUAL_0700,2024-09-17,Sumy Oblast,,Sumyoblenergo,physical_grid_outage,,state_observed,2024-09-17 07:00:00+03:00,2024-09-17 04:00:00+00:00,,,,,,,exact_state_time,"At 07:00, 281,072 consumers remained without electricity after earlier partial restorations.",281072 consumers still de-energized,Sumy Oblast,R20240917_AUD_001,KE20240917_SUMY_ATTACK,high,1,这一条与仓库当前 04:00 UTC 锚点完全重合，但语义是‘07:00 时仍有 281072 户无电’，不是‘07:00 才开始停电’。,official_dso_via_ova,https://t.me/s/Sumy_news_ODA?before=29876,Corroborated by Suspilne Sumy and multiple dated local reports.,这一条与仓库当前 04:00 UTC 锚点完全重合，但语义是‘07:00 时仍有 281072 户无电’，不是‘07:00 才开始停电’。【置信度：high】,EP20240917_SUMY_OBLAST_01,3,physical_outage,observe,physical_outage_partial_recovery,physical_outage,high,exact_public,oblast,DSO,government_relay,near_primary,4,v3.0
XE20240918_SUMY_NEW_OUTAGE_2203,2024-09-18,Sumy Oblast,Sumy City critical infrastructure,Sumy municipal water utility / Sumy OVA,physical_grid_outage,,state_observed,2024-09-18 22:03:00+03:00,2024-09-18 19:03:00+00:00,,,,,,,exact_state_time,"After a new strike, all municipal water-utility facilities were de-energized at 22:03 and part of Sumy lost power.",new physical outage after a separate 18-Sep strike,Sumy city / water utility / part of city consumers,,KE20240918_SUMY_REATTACK,high,1,这是 9 月 18 日晚的新袭击造成的新一轮断电，不能作为 9 月 17 日 blackout 的连续尾部。,municipal_utility_and_ova_via_dated_local_media,https://debaty.sumy.ua/news/u-sumah-pislya-chergovogo-udaru-nemaye-svitla-i-vodi,Exact 22:03 water-utility de-energization; part-city power loss reported immediately after strike.,这是 9 月 18 日晚的新袭击造成的新一轮断电，不能作为 9 月 17 日 blackout 的连续尾部。【置信度：high】,EP20240918_SUMY_OBLAST_01,1,physical_outage,observe,unknown,physical_outage,high,exact_public,specific_service_area,government,media_relay,near_primary,4,v3.0
XE20241022_SUMY_GAV_ADD_5_6_0738,2024-10-22,Sumy Oblast,,Sumyoblenergo,GAV,5|6,activate_additional,2024-10-22 07:38:00+03:00,2024-10-22 04:38:00+00:00,,,,,,,exact_effective,Sumyoblenergo states GAV queues 5 and 6 were additionally applied at 07:38.,GAV expanded to include queues 5 and 6,Sumy Oblast,R20241022_SUMY_GPV_1600,KE20241022_SUMY_ATTACK,high,1,早间第一轮 GAV 的加严节点；此前表只记录了 18:57 的第二轮 GAV，遗漏了同日早间状态链。,dso_statement_via_public_broadcaster,https://t.me/s/suspilnesumy?before=38973,Public broadcaster reproduces exact Sumyoblenergo body time.,早间第一轮 GAV 的加严节点；此前表只记录了 18:57 的第二轮 GAV，遗漏了同日早间状态链。【置信度：high】,EP20241022_SUMY_OBLAST_01,1,GAV,expand,unknown,GAV,high,exact_public,oblast,DSO,public_media_relay,near_primary,4,v3.0
XE20241022_SUMY_GAV_ADD_7_10_0851,2024-10-22,Sumy Oblast,,Sumyoblenergo,GAV,7|8|9|10,activate_additional,2024-10-22 08:51:00+03:00,2024-10-22 05:51:00+00:00,,,,,,,exact_effective,At 08:51 GAV was additionally applied to queues 7–10; all GAV queues were then active.,all GAV queues active,Sumy Oblast,R20241022_SUMY_GPV_1600,KE20241022_SUMY_ATTACK,high,1,08:51 时早间 GAV 已扩展到全部队列，是明显的 emergency override 峰值。,dso_statement_via_public_broadcaster,https://t.me/s/suspilnesumy?before=38973,Exact Sumyoblenergo body time.,08:51 时早间 GAV 已扩展到全部队列，是明显的 emergency override 峰值。【置信度：high】,EP20241022_SUMY_OBLAST_01,2,GAV,expand,GAV,GAV,high,exact_public,oblast,DSO,public_media_relay,near_primary,4,v3.0
XE20241022_SUMY_MORNING_CANCEL_1600,2024-10-22,Sumy Oblast,,Sumyoblenergo,GAV->GPV,ALL,replace_gav_with_gpv,2024-10-22 16:00:00+03:00,2024-10-22 13:00:00+00:00,,,,,,,exact_effective,Sumyoblenergo explicitly states at 16:00 it introduces GPV at 2.5 queues and reconnects all consumers then disconnected under GAV.,morning GAV off; affected GAV consumers restored; GPV 2.5 queues active,Sumy Oblast,R20241022_SUMY_GPV_1600,KE20241022_SUMY_ATTACK,high,1,这关闭了 10 月 22 日早间那一轮 GAV，但不是 18:57 第二轮 GAV 的终点；原 gap 需要改成‘晚间第二轮取消时间仍缺失’。,dso_statement_via_public_broadcaster,https://t.me/s/suspilnesumy?before=38967,Exact action time in quoted DSO body.,这关闭了 10 月 22 日早间那一轮 GAV，但不是 18:57 第二轮 GAV 的终点；原 gap 需要改成‘晚间第二轮取消时间仍缺失’。【置信度：high】,EP20241022_SUMY_OBLAST_01,3,GAV,replace,GAV,GPV,high,exact_public,oblast,DSO,public_media_relay,near_primary,4,v3.0
XE20241111_DN_EMG_STATE_0735,2024-11-11,Dnipropetrovsk Oblast,DTEK Dnipro Grids service area,DTEK Dnipro Grids,preventive_emergency,,state_observed,,,2024-11-11 07:35:00+02:00,2024-11-11 05:35:00+00:00,,,,,reported_at,"Dated Dnipropetrovsk reporting states preventive emergency outages were introduced at 07:35 by Ukrenergo instruction; treat as public action/state time, not feeder telemetry.",preventive emergency outages active; planned schedules inactive,DTEK Dnipro Grids service area,R20241111_EMG_001,KE20241111_PREVENTIVE_EMERGENCY,high,1,补上 Dnipropetrovsk 的预防性 emergency 状态；此类事件由威胁触发，不等同于已经发生物理电网损伤。,dso_statement_via_dated_local_media,https://1kr.ua/ua/news-96606.html,Local report explicitly gives 07:35 and attributes action to DTEK/Ukrenergo.,补上 Dnipropetrovsk 的预防性 emergency 状态；此类事件由威胁触发，不等同于已经发生物理电网损伤。【置信度：high】,EP20241111_DNIPROPETROVSK_OBL_01,1,preventive_emergency,observe,unknown,emergency,high,reported_state,specific_service_area,DSO,media_relay,near_primary,4,v3.0
XE20241111_DN_EMG_CANCEL_BY_1323,2024-11-11,Dnipropetrovsk Oblast,DTEK Dnipro Grids service area,DTEK Dnipro Grids,preventive_emergency,,cancel_all,,,2024-11-11 13:23:00+02:00,2024-11-11 11:23:00+00:00,,2024-11-11 13:23:00+02:00,,2024-11-11 11:23:00+00:00,cancelled_by,At 13:23 DTEK reported emergency outages cancelled and power being gradually returned in Dnipropetrovsk and other DTEK regions.,emergency cancelled; gradual restoration underway,DTEK Dnipro Grids service area,R20241111_EMG_001,KE20241111_PREVENTIVE_EMERGENCY,high,1,13:23 是 DTEK 公开取消/开始逐步恢复的上界，不代表所有用户在 13:23 同秒恢复。,official_dso_statement_via_dated_media,https://nv.ua/ukr/ukraine/events/vidklyuchennya-svitla-skasavani-u-kiyevi-ta-chotiroh-oblastyah-11-listopada-dtek-50465480.html,DTEK statement reproduced at 13:23.,13:23 是 DTEK 公开取消/开始逐步恢复的上界，不代表所有用户在 13:23 同秒恢复。【置信度：high】,EP20241111_DNIPROPETROVSK_OBL_01,2,preventive_emergency,cancel,emergency,normal_or_planned,high,upper_bound,specific_service_area,DSO,media_relay,near_primary,4,v3.0
XE20241121_SUMY_GAV_1_3_0654,2024-11-21,Sumy Oblast,,Sumyoblenergo,GAV,1|2|3,activate,2024-11-21 06:54:00+02:00,2024-11-21 04:54:00+00:00,,,,,,,exact_effective,Sumyoblenergo states GAV queues 1–3 introduced at 06:54 by Ukrenergo instruction.,GAV queues 1–3 active while GPV also applies,Sumy Oblast,R20241121_NAT_001,KE20241121_MULTI_REGION_EMERGENCY_REENTRY,high,1,06:54 emergency 与既有 GPV 叠加，是 11 月 17 日攻击恢复过程中的一次重新恶化。,official_dso_via_dated_local_media,https://debaty.sumy.ua/news/na-sumshhini-vvedeni-grafiki-avarijnih-vidklyuchen-8,Exact DSO body time.,06:54 emergency 与既有 GPV 叠加，是 11 月 17 日攻击恢复过程中的一次重新恶化。【置信度：high】,EP20241121_SUMY_OBLAST_01,1,GAV,activate,unknown,GPV+GAV,high,exact_public,oblast,DSO,media_relay,near_primary,4,v3.0
XE20241121_SUMY_SGAV_1_0708,2024-11-21,Sumy Oblast,part Sumy|Shostka|Konotop districts,Sumyoblenergo,SGAV,1,activate,2024-11-21 07:08:00+02:00,2024-11-21 05:08:00+00:00,,,,,,,exact_effective,At 07:08 special emergency schedule SGAV queue 1 was introduced in Sumy.,SGAV q1 active in addition to GAV/GPV,"parts of Sumy, Shostka and Konotop districts",R20241121_NAT_001,KE20241121_MULTI_REGION_EMERGENCY_REENTRY,high,1,07:08 再升级到 SGAV，说明该晨间事件不是单一 emergency 标志，而是两级紧急机制叠加。,official_dso_via_dated_local_media,https://debaty.sumy.ua/news/na-sumshhini-vvedeni-grafiki-avarijnih-vidklyuchen-8,Exact DSO body time.,07:08 再升级到 SGAV，说明该晨间事件不是单一 emergency 标志，而是两级紧急机制叠加。【置信度：high】,EP20241121_SUMY_OBLAST_01,2,GAV+SGAV,activate,GPV+GAV,GPV+GAV+SGAV,high,exact_public,specific_service_area,DSO,media_relay,near_primary,4,v3.0
XE20241121_SUMY_GAV_SGAV_CANCEL_0742,2024-11-21,Sumy Oblast,,Sumyoblenergo,GAV+SGAV,ALL,cancel_all,2024-11-21 07:42:00+02:00,2024-11-21 05:42:00+00:00,,,,,,,exact_effective,Official Sumyoblenergo: Ukrenergo instruction cancels SGAV and GAV at 07:42; GPV remains.,GAV/SGAV off; GPV remains at revised regional intensity,Sumy Oblast,R20241121_SUMY_GPV_0742,KE20241121_MULTI_REGION_EMERGENCY_REENTRY,high,1,这是非常干净的 emergency override 闭环：06:54 GAV → 07:08 SGAV → 07:42 全部取消，但普通 GPV 继续。,official_dso,https://t.me/s/SumyEnergo?before=1505,Official body explicitly states cancellation at 07:42.,这是非常干净的 emergency override 闭环：06:54 GAV → 07:08 SGAV → 07:42 全部取消，但普通 GPV 继续。【置信度：high】,EP20241121_SUMY_OBLAST_01,3,GAV+SGAV,cancel,GPV+GAV+SGAV,GPV,high,exact_public,oblast,DSO,direct,primary,5,v3.0
XE20241121_OD_EMG_STATE_BY_0751,2024-11-21,Odesa Oblast,DTEK Odesa Grids service area,DTEK Odesa Grids,emergency_outage,,state_observed,,,2024-11-21 07:51:00+02:00,2024-11-21 05:51:00+00:00,,,,,reported_at,"By 07:51, DTEK emergency outages were publicly confirmed in Odesa; exact command/switch minute is not claimed.",emergency outages active; standard schedules temporarily invalid,DTEK Odesa Grids service area,R20241121_NAT_001,KE20241121_MULTI_REGION_EMERGENCY_REENTRY,high,1,07:51 是可靠的状态观察，不是物理拉闸时间；几分钟后 Ukrenergo 已公开宣布 emergency 取消。,dtek_statement_via_national_media,https://www.pravda.com.ua/news/2024/11/21/7485571/,DTEK statement reproduced by Ukrainska Pravda at 07:51.,07:51 是可靠的状态观察，不是物理拉闸时间；几分钟后 Ukrenergo 已公开宣布 emergency 取消。【置信度：high】,EP20241121_ODESA_OBLAST_01,1,emergency,observe,unknown,emergency,high,reported_state,specific_service_area,DSO,media_relay,near_primary,4,v3.0
XE20241121_OD_EMG_CANCEL_BY_0756,2024-11-21,Odesa Oblast,DTEK Odesa Grids service area,Ukrenergo / DTEK Odesa Grids,emergency_outage,,cancel_all,,,2024-11-21 07:56:00+02:00,2024-11-21 05:56:00+00:00,,2024-11-21 07:56:00+02:00,,2024-11-21 05:56:00+00:00,cancelled_by,"By 07:56, Ukrenergo reported emergency outages applied during the air alert had been cancelled.",emergency cancelled; scheduled restrictions continue according to updated commands,Odesa Oblast,R20241121_NAT_001,KE20241121_MULTI_REGION_EMERGENCY_REENTRY,high,1,07:51–07:56 形成非常窄的‘公开状态窗口’，但仍不能把它理解成全州真实停电只持续 5 分钟；发布延迟可能占主要部分。,official_tso_via_radio_svoboda,https://www.radiosvoboda.org/amp/news-ukrenerho-vymknennia/33210386.html,Cancellation is an upper bound from a 07:56 dated report.,07:51–07:56 形成非常窄的‘公开状态窗口’，但仍不能把它理解成全州真实停电只持续 5 分钟；发布延迟可能占主要部分。【置信度：high】,EP20241121_ODESA_OBLAST_01,2,emergency,cancel,emergency,normal_or_planned,high,upper_bound,specific_service_area,TSO,public_media_relay,near_primary,4,v3.0
XE20241121_DN_EMG_STATE_BY_0751,2024-11-21,Dnipropetrovsk Oblast,DTEK Dnipro Grids service area,DTEK Dnipro Grids,emergency_outage,,state_observed,,,2024-11-21 07:51:00+02:00,2024-11-21 05:51:00+00:00,,,,,reported_at,"By 07:51, DTEK emergency outages were publicly confirmed in Dnipropetrovsk.",emergency outages active; standard schedules temporarily invalid,DTEK Dnipro Grids service area,R20241121_NAT_001,KE20241121_MULTI_REGION_EMERGENCY_REENTRY,high,1,补上 Dnipropetrovsk 11 月 21 日晨间 emergency re-entry；同样只把 07:51 当作状态观察时间。,dtek_statement_via_national_media,https://www.pravda.com.ua/news/2024/11/21/7485571/,DTEK statement reproduced by Ukrainska Pravda at 07:51.,补上 Dnipropetrovsk 11 月 21 日晨间 emergency re-entry；同样只把 07:51 当作状态观察时间。【置信度：high】,EP20241121_DNIPROPETROVSK_OBL_01,1,emergency,observe,unknown,emergency,high,reported_state,specific_service_area,DSO,media_relay,near_primary,4,v3.0
XE20241121_DN_EMG_CANCEL_BY_0756,2024-11-21,Dnipropetrovsk Oblast,DTEK Dnipro Grids service area,Ukrenergo / DTEK Dnipro Grids,emergency_outage,,cancel_all,,,2024-11-21 07:56:00+02:00,2024-11-21 05:56:00+00:00,,2024-11-21 07:56:00+02:00,,2024-11-21 05:56:00+00:00,cancelled_by,By 07:56 Ukrenergo reported the temporary emergency outages had been cancelled.,emergency cancelled; planned restrictions continue,Dnipropetrovsk Oblast / DTEK service area,R20241121_NAT_001,KE20241121_MULTI_REGION_EMERGENCY_REENTRY,high,1,只作为取消上界使用，不能推断 DTEK 全部 feeder 在 07:56 完成切回。,official_tso_via_radio_svoboda,https://www.radiosvoboda.org/amp/news-ukrenerho-vymknennia/33210386.html,07:56 publication upper bound.,只作为取消上界使用，不能推断 DTEK 全部 feeder 在 07:56 完成切回。【置信度：high】,EP20241121_DNIPROPETROVSK_OBL_01,2,emergency,cancel,emergency,normal_or_planned,high,upper_bound,specific_service_area,TSO,public_media_relay,near_primary,4,v3.0
